Fleet No,Reg Plate,Year,Model,Operator,Livery,Status,Notes
1,HF17 AZA,2017,Volvo B11R Plaxton Elite,Damory.png,Bluevectis.png,In Service,
2,HF17 AZB,2017,Volvo B11R Plaxton Elite,Damory.png,Bluevectis.png,In Service,
3,HF17 AZC,2017,Volvo B11R Plaxton Elite,Damory.png,Bluevectis.png,In Service,
4,HF17 AZD,2017,Volvo B11R Plaxton Elite,Damory.png,Bluevectis.png,In Service,
5,XEL 24,2018,Volvo B11R 9700,Damory.png,Excelsior.png,In Service,
6,XEL 31,2018,Volvo B11R 9700,Damory.png,Excelsior.png,In Service,
7,FJ17 PVY,2017,Mercedes-Benz Atego Plaxton Cheetah XL,Damory.png,Bluevectis.png,In Service,
11,HF70 CUW,2020,Alexander-Dennis Enviro400 MMC,Salisbury.png,SRNew.png,In Service,
12,YD23 FNA,2023,Yutong GT12,Damory.png,Excelsior.png,In Service,
13,YD23 FNE,2023,Yutong GT12,Damory.png,Excelsior.png,In Service,
14,YD23 FNH,2023,Yutong GT12,Damory.png,Excelsior.png,In Service,
15,BP24 GWM,2024,Volvo B8R MCV EvoTor,Damory.png,Excelsior.png,In Service,
16,BP24 GWN,2024,Volvo B8R MCV EvoTor,Damory.png,Excelsior.png,In Service,
17,BU74 YVF,2024,Volvo B8R MCV EvoTor,Damory.png,Excelsior.png,In Service,
18,BU74 YVG,2024,Volvo B8R MCV EvoTor,Damory.png,Excelsior.png,In Service,
101,HJ74 FKW,2024,Alexander-Dennis Enviro200 MMC,Swindon.png,Swindon.png,In Service,
102,HJ74 FKX,2025,Alexander-Dennis Enviro200 MMC,Swindon.png,Swindon.png,In Service,
105,MX13 AZV,2013,Alexander-Dennis Enviro200 Classic,Swindon.png,Swindon.png,In Service,
106,MX13 BBV,2013,Alexander-Dennis Enviro200 Classic,Swindon.png,Swindon.png,In Service,
107,MX13 BBZ,2013,Alexander-Dennis Enviro200 Classic,Swindon.png,Swindon.png,In Service,
108,YY16 YJE,2016,Alexander-Dennis Enviro200 Classic,More.png,More2017.png,In Service,
109,YY16 YJF,2016,Alexander-Dennis Enviro200 Classic,More.png,More2017.png,In Service,
216,OY16 JVK,2016,Alexander-Dennis Enviro200 Classic,Swindon.png,Swindon.png,In Service,
217,OY16 JVL,2016,Alexander-Dennis Enviro200 Classic,Swindon.png,Swindon.png,In Service,
218,OY16 JWA,2016,Alexander-Dennis Enviro200 Classic,Swindon.png,Swindon.png,In Service,
219,OY16 JVZ,2016,Alexander-Dennis Enviro200 Classic,Swindon.png,Swindon.png,In Service,
220,HF67 EUA,2018,Alexander-Dennis Enviro200 MMC,Bluestar.png,BluestarOld.png,In Service,
221,HF67 EUB,2018,Alexander-Dennis Enviro200 MMC,Bluestar.png,BluestarOld.png,In Service,
222,HF67 EUC,2018,Alexander-Dennis Enviro200 MMC,Bluestar.png,BluestarOld.png,In Service,
223,HF67 EUD,2018,Alexander-Dennis Enviro200 MMC,Bluestar.png,BluestarOld.png,In Service,
224,HF67 EUE,2018,Alexander-Dennis Enviro200 MMC,Bluestar.png,BluestarOld.png,In Service,
225,HF67 EUH,2018,Alexander-Dennis Enviro200 MMC,Bluestar.png,BluestarOld.png,In Service,
226,HF67 EUJ,2018,Alexander-Dennis Enviro200 MMC,Bluestar.png,BluestarOld.png,In Service,
227,HF67 EUK,2018,Alexander-Dennis Enviro200 MMC,Bluestar.png,BluestarOld.png,In Service,
228,HF67 EUL,2018,Alexander-Dennis Enviro200 MMC,Bluestar.png,BluestarOld.png,In Service,
229,HF67 EUM,2018,Alexander-Dennis Enviro200 MMC,Bluestar.png,BluestarOld.png,In Service,
230,HF67 EUN,2018,Alexander-Dennis Enviro200 MMC,More.png,More2017.png,In Service,
231,HF18 CGV,2018,Alexander-Dennis Enviro200 MMC,More.png,More2017.png,In Service,
232,HF18 CGX,2018,Alexander-Dennis Enviro200 MMC,More.png,More2017.png,In Service,
233,HF18 CGY,2018,Alexander-Dennis Enviro200 MMC,More.png,More2017.png,In Service,
234,HF18 CGZ,2018,Alexander-Dennis Enviro200 MMC,More.png,More2017.png,In Service,
235,HF18 CHC,2018,Alexander-Dennis Enviro200 MMC,More.png,More2017.png,In Service,
236,HF18 CHD,2018,Alexander-Dennis Enviro200 MMC,More.png,More2017.png,In Service,
237,HF18 CHG,2018,Alexander-Dennis Enviro200 MMC,More.png,More2017.png,In Service,
238,HF18 CHH,2018,Alexander-Dennis Enviro200 MMC,More.png,More2017.png,In Service,
239,HF18 CHJ,2018,Alexander-Dennis Enviro200 MMC,More.png,More2017.png,In Service,
240,HF18 CHK,2018,Alexander-Dennis Enviro200 MMC,More.png,More2017.png,In Service,
241,HF18 CHL,2018,Alexander-Dennis Enviro200 MMC,More.png,More2017.png,In Service,
242,HF18 CHN,2018,Alexander-Dennis Enviro200 MMC,More.png,More2017.png,In Service,
243,HF18 CHO,2018,Alexander-Dennis Enviro200 MMC,More.png,More2017.png,In Service,
244,HF18 CHV,2018,Alexander-Dennis Enviro200 MMC,More.png,More2017.png,In Service,
245,HF18 CHX,2018,Alexander-Dennis Enviro200 MMC,More.png,More2017.png,In Service,
246,HF18 CHY,2018,Alexander-Dennis Enviro200 MMC,More.png,More2017.png,In Service,
247,HF18 CHZ,2018,Alexander-Dennis Enviro200 MMC,More.png,More2017.png,In Service,
248,HF18 CJE,2018,Alexander-Dennis Enviro200 MMC,More.png,More2017.png,In Service,
249,HF18 CJJ,2018,Alexander-Dennis Enviro200 MMC,More.png,More2017.png,In Service,
250,HF18 CJO,2018,Alexander-Dennis Enviro200 MMC,More.png,More2017.png,In Service,
251,HF18 CJU,2018,Alexander-Dennis Enviro200 MMC,More.png,More2017.png,In Service,
252,HF18 CJV,2018,Alexander-Dennis Enviro200 MMC,More.png,More2017.png,In Service,
253,HF18 CJX,2018,Alexander-Dennis Enviro200 MMC,Bluestar.png,BluestarOld.png,In Service,
254,HF18 CJY,2018,Alexander-Dennis Enviro200 MMC,Bluestar.png,BluestarOld.png,In Service,
255,HF18 CJZ,2018,Alexander-Dennis Enviro200 MMC,Bluestar.png,BluestarOld.png,In Service,
256,HF18 CKA,2018,Alexander-Dennis Enviro200 MMC,Bluestar.png,BluestarOld.png,In Service,
257,HF18 CKC,2018,Alexander-Dennis Enviro200 MMC,Bluestar.png,BluestarOld.png,In Service,
258,HF18 CKD,2018,Alexander-Dennis Enviro200 MMC,Bluestar.png,BluestarOld.png,In Service,
259,HF18 CKE,2018,Alexander-Dennis Enviro200 MMC,Bluestar.png,BluestarOld.png,In Service,
260,HF18 CKG,2018,Alexander-Dennis Enviro200 MMC,Bluestar.png,BluestarOld.png,In Service,
261,YY17 GRX,2017,Alexander-Dennis Enviro200 MMC,Bluestar.png,BluestarOld.png,In Service,
267,HF69 CMV,2019,Alexander-Dennis Enviro200 MMC,More.png,More2017.png,In Service,
268,HF69 CMX,2019,Alexander-Dennis Enviro200 MMC,More.png,More2017.png,In Service,
269,HF69 CMY,2019,Alexander-Dennis Enviro200 MMC,Bluestar.png,BluestarOld.png,In Service,
270,HF69 CMZ,2019,Alexander-Dennis Enviro200 MMC,Bluestar.png,BluestarOld.png,In Service,
271,HF69 CNA,2019,Alexander-Dennis Enviro200 MMC,Bluestar.png,BluestarOld.png,In Service,
272,HF69 CNC,2019,Alexander-Dennis Enviro200 MMC,Bluestar.png,BluestarOld.png,In Service,
273,HF69 CNE,2019,Alexander-Dennis Enviro200 MMC,Bluestar.png,BluestarOld.png,In Service,
274,HF69 CNJ,2019,Alexander-Dennis Enviro200 MMC,More.png,More2017.png,In Service,
275,HF20 CVC,2020,Alexander-Dennis Enviro200 MMC,Swindon.png,BluestarOld.png,In Service,
276,HF20 CVH,2020,Alexander-Dennis Enviro200 MMC,Swindon.png,BluestarOld.png,In Service,
277,HF20 CVJ,2020,Alexander-Dennis Enviro200 MMC,Swindon.png,BluestarOld.png,In Service,
278,HF20 CVG,2020,Alexander-Dennis Enviro200 MMC,Swindon.png,BluestarOld.png,In Service,
279,HF20 CVE,2020,Alexander-Dennis Enviro200 MMC,Swindon.png,BluestarOld.png,In Service,
280,HF20 CVD,2020,Alexander-Dennis Enviro200 MMC,Swindon.png,BluestarOld.png,In Service,
281,HJ25 BYS,2025,Alexander-Dennis Enviro200 MMC,Bluestar.png,BluestarOld.png,In Service,
282,HJ25 BYT,2025,Alexander-Dennis Enviro200 MMC,Bluestar.png,BluestarOld.png,In Service,
283,HJ25 BYU,2025,Alexander-Dennis Enviro200 MMC,Bluestar.png,BluestarOld.png,In Service,
284,HJ25 BYV,2025,Alexander-Dennis Enviro200 MMC,Bluestar.png,BluestarOld.png,In Service,
285,HJ25 BYW,2025,Alexander-Dennis Enviro200 MMC,Bluestar.png,BluestarOld.png,In Service,
286,HJ25 BYX,2025,Alexander-Dennis Enviro200 MMC,Bluestar.png,BluestarOld.png,In Service,
287,HJ25 BYY,2025,Alexander-Dennis Enviro200 MMC,Bluestar.png,BluestarOld.png,In Service,
288,HJ25 BYZ,2025,Alexander-Dennis Enviro200 MMC,Bluestar.png,BluestarOld.png,In Service,
371,YN55 NHD,2005,Scania N94UD OmniDekka,events.png,SwindonDecker.png,Reserve,Name - Earl of Devon
372,YN55 NHE,2005,Scania N94UD OmniDekka,events.png,SwindonDecker.png,Reserve,Name - Earl of Dartmouth
373,YN55 NHG,2005,Scania N94UD OmniDekka,events.png,SwindonDecker.png,Reserve,Name - Earl of Plymouth
374,YN55 NHH,2005,Scania N94UD OmniDekka,events.png,SwindonDecker.png,Reserve,Name - City of Exeter
375,YN55 NHJ,2005,Scania N94UD OmniDekka,events.png,SwindonDecker.png,Reserve,Name - River Tamar
376,YN55 NHK,2005,Scania N94UD OmniDekka,events.png,SwindonDecker.png,Reserve,Name - Duke of Cornwall
377,YN55 NHL,2005,Scania N94UD OmniDekka,events.png,SwindonDecker.png,Reserve,Name - Earl of St Germans
378,YN55 NHM,2005,Scania N94UD OmniDekka,events.png,SwindonDecker.png,Reserve,Name - Earl of Mount Edgcumbe
379,YN55 NHO,2005,Scania N94UD OmniDekka,events.png,SwindonDecker.png,Reserve,Name - City of Truro
402,WX60 EEA,2010,Optare Versa,events.png,Swindon.png,Reserve,
502,WX06 JYD,2008,Scania L94UB Wright Solar,Swindon.png,SwindonTRNG.png,Driver Training,
503,WX06 JXR,2008,Scania L94UB Wright Solar,Swindon.png,SwindonTRNG.png,Driver Training,
507,WX06 JYC,2008,Scania L94UB Wright Solar,Swindon.png,SwindonTRNG.png,Driver Training,
514,WX57 TLZ,2008,Scania K230UB Wright Solar,Swindon.png,Swindon.png,In Service,
515,WX57 TLN,2008,Scania K230UB Wright Solar,Swindon.png,Swindon.png,In Service,
516,WX57 TLO,2008,Scania K230UB Wright Solar,Swindon.png,Swindon.png,In Service,
517,WX08 SXD,2008,Scania K230UB Wright Solar,Swindon.png,Swindon.png,In Service,
518,WX57 SXE,2008,Scania K230UB Wright Solar,Swindon.png,Swindon.png,In Service,
519,WX57 SXF,2008,Scania K230UB Wright Solar,Swindon.png,Swindon.png,In Service,
520,XMW 120,2008,Scania K230UB Wright Solar,Swindon.png,Swindon.png,In Service,
521,WX57 SXG,2008,Scania K230UB Wright Solar,Swindon.png,Swindon.png,In Service,
522,WX57 SXH,2008,Scania K230UB Wright Solar,Swindon.png,Swindon.png,In Service,
523,WX57 GJF,2009,Scania K230UB Wright Solar,Swindon.png,Swindon.png,In Service,
524,WX57 GJG,2009,Scania K230UB Wright Solar,Swindon.png,Swindon.png,In Service,
525,WX57 GJJ,2009,Scania K230UB Wright Solar,Swindon.png,Swindon.png,In Service,
526,WX57 GJK,2009,Scania K230UB Wright Solar,Swindon.png,Swindon.png,In Service,
527,WX57 GJO,2009,Scania K230UB Wright Solar,Swindon.png,Swindon.png,In Service,
528,WX57 GJU,2009,Scania K230UB Wright Solar,Swindon.png,Swindon.png,In Service,
901,HF69 CHL,2020,BYD D8UR Alexander-Dennis Enviro200EV,Salisbury.png,SRNew.png,In Service,
902,HF69 CHN,2020,BYD D8UR Alexander-Dennis Enviro200EV,Salisbury.png,SRNew.png,In Service,
903,HF69 CHO,2020,BYD D8UR Alexander-Dennis Enviro200EV,Salisbury.png,SRNew.png,In Service,
1001,YN54 AFK,2004,Scania N94UD OmniDekka,Bluestar.png,BluestarOld.png,In Service,
1002,YN54 AFX,2006,Scania N94UD OmniDekka,Bluestar.png,BluestarOld.png,In Service,
1003,YN54 FFE,2006,Scania N94UD OmniDekka,Bluestar.png,BluestarOld.png,In Service,
1004,YN54 FFK,2006,Scania N94UD OmniDekka,Bluestar.png,BluestarOld.png,In Service,
1005,YN54 FFM,2006,Scania N94UD OmniDekka,Bluestar.png,BluestarOld.png,In Service,
1006,YN54 FFO,2006,Scania N94UD OmniDekka,Bluestar.png,BluestarOld.png,In Service,
1008,YN54 FFR,2006,Scania N94UD OmniDekka,Bluestar.png,BluestarOld.png,In Service,
1013,YN06 JWG,2006,Scania N94UD OmniDekka,events.png,BluestarOld.png,Reserve,
1014,YN06 JWJ,2006,Scania N94UD OmniDekka,More.png,OldMore.png,In Service,
1015,WX57 GJK,2006,Scania N94UD OmniDekka,events.png,SwindonDecker.png,Reserve,
1016,YN06 JWO,2006,Scania N94UD OmniDekka,More.png,OldMore.png,In Service,
1017,YN06 JWU,2006,Scania N94UD OmniDekka,More.png,OldMore.png,In Service,
1018,WX57 GJO,2006,Scania N94UD OmniDekka,events.png,SwindonDecker.png,Reserve,
1019,YN06 JWW,2006,Scania N94UD OmniDekka,More.png,WD1.png,In Service,
1020,YN06 JWX,2006,Scania N94UD OmniDekka,More.png,WD2.png,In Service,
1021,YN06 JWY,2006,Scania N94UD OmniDekka,More.png,RedMore.png,In Service,
1022,YN06 JWZ,2006,Scania N94UD OmniDekka,More.png,RedMore.png,In Service,
1101,HW08 AOP,2008,Scania N270UD OmniCity,More.png,RedMore.png,In Service,
1102,HW08 AOR,2008,Scania N270UD OmniCity,More.png,RecruitingWomen.png,In Service,
1103,HW08 AOS,2008,Scania N270UD OmniCity,More.png,RedMore.png,In Service,
1104,HW08 AOT,2008,Scania N270UD OmniCity,More.png,RedMore.png,In Service,
1105,HW08 ARU,2008,Scania N270UD OmniCity,More.png,RedMore.png,In Service,
1106,HW08 ARX,2008,Scania N270UD OmniCity,More.png,JurassicBreezer.png,In Service,
1107,HW08 ARZ,2008,Scania N270UD OmniCity,More.png,JurassicBreezer.png,In Service,
1108,HW58 ASO,2008,Scania N270UD OmniCity,Damory.png,JurassicBreezer.png,In Service,
1109,HW08 ASU,2008,Scania N270UD OmniCity,More.png,RedMore.png,In Service,
1110,HW08 ASV,2008,Scania N270UD OmniCity,More.png,RedMore.png,In Service,
1111,VDL 744,2008,Scania N270UD OmniCity,SV.png,IslandBreezerGreen.png,In Service,
1112,HW58 ASZ,2008,Scania N270UD OmniCity,Damory.png,DamoryBlue.png,In Service,
1113,HW58 ATF,2008,Scania N270UD OmniCity,Damory.png,DamoryBlue.png,In Service,
1114,HW58 ATK,2008,Scania N270UD OmniCity,More.png,BluestarOld.png,In Service,
1115,HW58 ATN,2008,Scania N270UD OmniCity,More.png,BluestarOld.png,In Service,
1116,HW58 ATO,2008,Scania N270UD OmniCity,Bluestar.png,BluestarOld.png,In Service,
1117,HW58 ATU,2008,Scania N270UD OmniCity,More.png,RedMore.png,In Service,
1118,HF58 GYW,2008,Scania N230UD OmniCity,More.png,More2017.png,In Service,
1119,HF58 GYY,2008,Scania N230UD OmniCity,More.png,More2017.png,In Service,
1120,HF58 GYZ,2008,Scania N230UD OmniCity,More.png,More2017.png,In Service,
1121,HF58 GZA,2008,Scania N230UD OmniCity,More.png,More2017.png,In Service,
1122,HF58 GZB,2008,Scania N230UD OmniCity,More.png,RedMore.png,In Service,
1123,HF58 GZC,2008,Scania N230UD OmniCity,More.png,RedMore.png,In Service,
1124,HF58 GZD,2008,Scania N230UD OmniCity,More.png,RedMore.png,In Service,
1125,HF58 GZP,2008,Scania N230UD OmniCity,Bluestar.png,BluestarOld.png,In Service,
1126,HF58 KCA,2009,Scania N230UD OmniCity,Bluestar.png,BluestarOld.png,In Service,
1127,HF58 KCC,2009,Scania N230UD OmniCity,Bluestar.png,BluestarOld.png,In Service,
1128,HF58 KCE,2009,Scania N230UD OmniCity,Bluestar.png,BluestarOld.png,In Service,
1129,HF58 KCG,2009,Scania N230UD OmniCity,Bluestar.png,BluestarOld.png,In Service,
1130,HF58 KCJ,2009,Scania N230UD OmniCity,Bluestar.png,BluestarOld.png,In Service,
1131,HF58 KCK,2009,Scania N230UD OmniCity,Bluestar.png,BluestarOld.png,In Service,
1132,HF09 BJE,2009,Scania N230UD OmniCity,Salisbury.png,SRNew.png,In Service,
1133,HF09 BJJ,2009,Scania N230UD OmniCity,Salisbury.png,SRNew.png,In Service,
1134,HF09 BJK,2009,Scania N230UD OmniCity,Salisbury.png,SROld.png,In Service,
1135,HF09 BJO,2009,Scania N230UD OmniCity,Salisbury.png,SROld.png,In Service,
1136,HF09 BJU,2009,Scania N230UD OmniCity,Salisbury.png,SROld.png,In Service,
1137,HF09 BJV,2009,Scania N230UD OmniCity,Salisbury.png,SROld.png,In Service,
1138,HF09 BJX,2009,Scania N230UD OmniCity,Salisbury.png,SRNew.png,In Service,
1139,HF09 BJY,2009,Scania N230UD OmniCity,Salisbury.png,SRNew.png,In Service,
1140,HF09 BJZ,2009,Scania N230UD OmniCity,Salisbury.png,SRNew.png,In Service,
1141,HF09 BKA,2009,Scania N230UD OmniCity,Salisbury.png,RecruitingWomen.png,In Service,
1142,HW09 BBU,2009,Scania N270UD OmniCity,More.png,RedMore.png,In Service,
1143,HW09 BBV,2009,Scania N270UD OmniCity,Damory.png,JurassicBreezer.png,In Service,
1144,HW09 BBX,2009,Scania N270UD OmniCity,Damory.png,DamoryBlue.png,In Service,
1145,HW09 BBZ,2009,Scania N270UD OmniCity,Damory.png,DamoryBlue.png,In Service,
1146,HW09 BCE,2009,Scania N270UD OmniCity,Damory.png,JurassicBreezer.png,In Service,
1147,HW09 BCF,2009,Scania N270UD OmniCity,More.png,More2017.png,In Service,
1148,HW09 BCK,2009,Scania N270UD OmniCity,More.png,More2017.png,In Service,
1149,HW09 BCO,2009,Scania N270UD OmniCity,More.png,More2017.png,In Service,
1150,HW09 BCU,2009,Scania N270UD OmniCity,More.png,More2017.png,In Service,
1151,HW09 BCV,2009,Scania N270UD OmniCity,More.png,More2017.png,In Service,
1152,HW09 BAA,2009,Scania N270UD OmniCity,More.png,More2017.png,In Service,
1191,HF58 GZE,2008,Scania N230UD OmniCity,More.png,More2017.png,In Service,
1192,HF58 GZG,2008,Scania N230UD OmniCity,More.png,More2017.png,In Service,
1193,HF58 GZH,2008,Scania N230UD OmniCity,More.png,More2017.png,In Service,
1194,HF58 GHJ,2008,Scania N230UD OmniCity,More.png,More2017.png,In Service,
1195,HF58 GHK,2008,Scania N230UD OmniCity,More.png,More2017.png,In Service,
1196,HF58 GZL,2008,Scania N230UD OmniCity,More.png,RedMore.png,In Service,
1197,HF58 GZM,2008,Scania N230UD OmniCity,More.png,More2017.png,In Service,
1198,HF58 GZN,2008,Scania N230UD OmniCity,More.png,More2017.png,In Service,
1199,HF58 GZO,2008,Scania N230UD OmniCity,More.png,More2017.png,In Service,
1201,HF18 FDU,2018,Alexander-Dennis Enviro400 MMC,Unilink.png,ULRed.png,In Service,
1202,HF18 FDU,2018,Alexander-Dennis Enviro400 MMC,Unilink.png,ULRed.png,In Service,
1203,HF18 FDX,2018,Alexander-Dennis Enviro400 MMC,Unilink.png,ULRed.png,In Service,
1204,HF18 FDY,2018,Alexander-Dennis Enviro400 MMC,Unilink.png,ULRed.png,In Service,
1205,HF18 FDZ,2018,Alexander-Dennis Enviro400 MMC,Unilink.png,ULRed.png,In Service,
1206,HF18 FEG,2018,Alexander-Dennis Enviro400 MMC,Unilink.png,ULRed.png,In Service,
1207,HF18 FEH,2018,Alexander-Dennis Enviro400 MMC,Unilink.png,ULRed.png,In Service,
1208,HF18 FEJ,2018,Alexander-Dennis Enviro400 MMC,Unilink.png,ULRed.png,In Service,
1209,HF18 FEK,2018,Alexander-Dennis Enviro400 MMC,Unilink.png,ULBlue.png,In Service,
1210,HF18 FEM,2018,Alexander-Dennis Enviro400 MMC,Unilink.png,ULBlue.png,In Service,
1211,HF18 FEO,2018,Alexander-Dennis Enviro400 MMC,Unilink.png,ULBlue.png,In Service,
1212,HF18 FEP,2018,Alexander-Dennis Enviro400 MMC,Unilink.png,ULBlue.png,In Service,
1213,HF18 FET,2018,Alexander-Dennis Enviro400 MMC,Unilink.png,ULBlue.png,In Service,
1214,HF18 FEU,2018,Alexander-Dennis Enviro400 MMC,Unilink.png,ULBlue.png,In Service,
1215,HF18 FEV,2018,Alexander-Dennis Enviro400 MMC,Unilink.png,ULBlue.png,In Service,
1216,HF18 FEX,2018,Alexander-Dennis Enviro400 MMC,Unilink.png,ULBlue.png,In Service,
1217,HF18 FFA,2018,Alexander-Dennis Enviro400 MMC,Unilink.png,ULOrange.png,In Service,
1218,HF18 FFC,2018,Alexander-Dennis Enviro400 MMC,Unilink.png,ULOrange.png,In Service,
1219,HF18 FFD,2018,Alexander-Dennis Enviro400 MMC,Unilink.png,ULOrange.png,In Service,
1220,HF18 FFE,2018,Alexander-Dennis Enviro400 MMC,Unilink.png,ULOrange.png,In Service,
1221,HF18 FFG,2018,Alexander-Dennis Enviro400 MMC,Unilink.png,ULOrange.png,In Service,
1222,HF18 FFH,2018,Alexander-Dennis Enviro400 MMC,Unilink.png,ULOrange.png,In Service,
1223,HF18 FFJ,2018,Alexander-Dennis Enviro400 MMC,Unilink.png,ULOrange.png,In Service,
1224,HF18 FFK,2018,Alexander-Dennis Enviro400 MMC,Unilink.png,ULOrange.png,In Service,
1225,HF18 FFL,2018,Alexander-Dennis Enviro400 MMC,Unilink.png,ULGreen.png,In Service,
1226,HF18 FFM,2018,Alexander-Dennis Enviro400 MMC,Unilink.png,ULGreen.png,In Service,
1227,HF18 FFN,2018,Alexander-Dennis Enviro400 MMC,Unilink.png,ULGreen.png,In Service,
1228,HF18 FFO,2018,Alexander-Dennis Enviro400 MMC,Unilink.png,ULGreen.png,In Service,
1229,HF18 FFP,2018,Alexander-Dennis Enviro400 MMC,Unilink.png,ULGreen.png,In Service,
1230,HF18 FFR,2018,Alexander-Dennis Enviro400 MMC,Unilink.png,ULGreen.png,In Service,
1231,HF18 FFS,2018,Alexander-Dennis Enviro400 MMC,Unilink.png,ULGreen.png,In Service,
1232,HF18 FFT,2018,Alexander-Dennis Enviro400 MMC,Unilink.png,ULGreen.png,In Service,
1233,HF68 DXX,2018,Alexander-Dennis Enviro400 City,Bluestar.png,Quayconnect.png,In Service,
1234,HF68 DXY,2018,Alexander-Dennis Enviro400 City,Bluestar.png,BluestarNew.png,In Service,
1235,HF68 DXZ,2018,Alexander-Dennis Enviro400 City,Bluestar.png,BluestarNew.png,In Service,
1236,HF68 DYA,2018,Alexander-Dennis Enviro400 City,Bluestar.png,BluestarNew.png,In Service,
1237,HF68 DYB,2018,Alexander-Dennis Enviro400 City,Bluestar.png,BluestarNew.png,In Service,
1238,HF68 DYC,2018,Alexander-Dennis Enviro400 City,Bluestar.png,BluestarNew.png,In Service,
1239,HF68 DYD,2018,Alexander-Dennis Enviro400 City,Bluestar.png,BluestarNew.png,In Service,
1240,HF68 DYG,2018,Alexander-Dennis Enviro400 City,Bluestar.png,BluestarNew.png,In Service,
1241,HF68 DYH,2018,Alexander-Dennis Enviro400 City,Bluestar.png,BluestarNew.png,In Service,
1242,HF68 DYJ,2018,Alexander-Dennis Enviro400 City,Bluestar.png,BluestarNew.png,In Service,
1243,HF68 DXL,2018,Alexander-Dennis Enviro400 City,Bluestar.png,BluestarNew.png,In Service,
1244,HF68 DXM,2018,Alexander-Dennis Enviro400 City,Bluestar.png,BluestarNew.png,In Service,
1245,HF68 DXO,2018,Alexander-Dennis Enviro400 City,Bluestar.png,BluestarNew.png,In Service,
1246,HF68 DXP,2018,Alexander-Dennis Enviro400 City,Bluestar.png,BluestarNew.png,In Service,
1247,HF68 DXR,2018,Alexander-Dennis Enviro400 City,Bluestar.png,BluestarNew.png,In Service,
1248,HF68 DXS,2018,Alexander-Dennis Enviro400 City,Bluestar.png,BluestarNew.png,In Service,
1249,HF68 DXT,2018,Alexander-Dennis Enviro400 City,Bluestar.png,BluestarNew.png,In Service,
1250,HF68 DXU,2018,Alexander-Dennis Enviro400 City,Bluestar.png,BluestarNew.png,In Service,
1251,HF68 DXV,2018,Alexander-Dennis Enviro400 City,Unilink.png,ULRed.png,In Service,
1252,HF68 DXW,2018,Alexander-Dennis Enviro400 City,Unilink.png,ULGreen.png,In Service,
1253,LX56 ETO,2007,Alexander-Dennis Enviro400 Classic,Damory.png,DamoryBlue.png,In Service,
1254,LX56 ETR,2007,Alexander-Dennis Enviro400 Classic,Damory.png,DamoryBlue.png,In Service,
1255,LX56 FKX,2008,Alexander-Dennis Enviro400 Classic,Damory.png,DamoryBlue.png,In Service,
1256,LX56 ETD,2007,Alexander-Dennis Enviro400 Classic,Damory.png,DamoryBlue.png,In Service,
1257,LX56 ETF,2007,Alexander-Dennis Enviro400 Classic,Damory.png,DamoryBlue.png,In Service,
1258,SN12 AOW,2012,Alexander-Dennis Enviro400 Classic,Damory.png,More2017.png,In Service,
1259,LK57 EJO,2008,Alexander-Dennis Enviro400 Classic,Damory.png,More2017.png,In Service,
1260,BL61 ADZ,2011,Volvo B9TL Wright Eclipse Gemini 2,Damory.png,More2017.png,In Service,
1261,LX03 EDV,2003,Volvo B7TL Wright Eclipse Gemini,Damory.png,More2017.png,Withdrawn,
1262,LX05 FBC,2005,Volvo B7TL Wright Eclipse Gemini,Damory.png,More2017.png,Withdrawn,
1263,BX09 PFD,2009,Alexander-Dennis Enviro400 Classic,More.png,More2017.png,In Service,
1264,BX09 PFJ,2009,Alexander-Dennis Enviro400 Classic,More.png,More2017.png,In Service,
1265,BX09 PFN,2009,Alexander-Dennis Enviro400 Classic,Bluestar.png,BluestarOld.png,In Service,
1266,BX09 PFU,2009,Alexander-Dennis Enviro400 Classic,Bluestar.png,BluestarOld.png,In Service,
1267,BX09 PGF,2009,Alexander-Dennis Enviro400 Classic,Bluestar.png,BluestarOld.png,Withdrawn,Withdrawn following a serious incident on 26th June 2025
1268,BX09 PGZ,2009,Alexander-Dennis Enviro400 Classic,Bluestar.png,BluestarOld.png,In Service,
1269,BX09 PHK,2009,Alexander-Dennis Enviro400 Classic,Bluestar.png,BluestarOld.png,In Service,
1270,BX09 PHN,2009,Alexander-Dennis Enviro400 Classic,Bluestar.png,BluestarOld.png,In Service,
1271,BU09 JZT,2009,Alexander-Dennis Enviro400 Classic,Swindon.png,Swindon.png,In Service,
1272,BX09 PDV,2009,Alexander-Dennis Enviro400 Classic,Swindon.png,Swindon.png,In Service,
1273,BX09 PDY,2009,Alexander-Dennis Enviro400 Classic,Swindon.png,Swindon.png,In Service,
1274,BX09 PDZ,2009,Alexander-Dennis Enviro400 Classic,Swindon.png,Swindon.png,In Service,
1275,BX09 PEO,2009,Alexander-Dennis Enviro400 Classic,Swindon.png,Swindon.png,In Service,
1276,BX09 PFY,2009,Alexander-Dennis Enviro400 Classic,Salisbury.png,Swindon.png,In Service,
1277,BX09 PGK,2009,Alexander-Dennis Enviro400 Classic,Swindon.png,Swindon.png,In Service,
1278,BX09 PGO,2009,Alexander-Dennis Enviro400 Classic,Swindon.png,Swindon.png,In Service,
1279,BX09 PGY,2009,Alexander-Dennis Enviro400 Classic,Swindon.png,Swindon.png,In Service,
1280,BX09 PHA,2009,Alexander-Dennis Enviro400 Classic,Swindon.png,Swindon.png,In Service,
1401,HF09 FVU,2009,Scania N230UD Optare Visionaire,SV.png,IslandBreezer.png,In Service,
1402,HF09 FVV,2009,Scania N230UD Optare Visionaire,SV.png,IslandBreezer.png,In Service,
1403,HF09 FVW,2009,Scania N230UD Optare Visionaire,SV.png,IslandBreezer.png,In Service,
1404,HF09 FVX,2009,Scania N230UD Optare Visionaire,More.png,BeachBreezer.png,In Service,
1405,HF09 FVY,2009,Scania N230UD Optare Visionaire,More.png,BeachBreezer.png,In Service,
1406,HF09 DMO,2009,Scania N230UD Optare Visionaire,More.png,BeachBreezer.png,In Service,
1407,HF09 DMU,2009,Scania N230UD Optare Visionaire,More.png,BeachBreezer.png,In Service,
1408,HF09 DMV,2009,Scania N230UD Optare Visionaire,More.png,BeachBreezer.png,In Service,
1409,HF09 DMX,2009,Scania N230UD Optare Visionaire,More.png,RedMore.png,In Service,
1410,HF09 FVR,2009,Scania N230UD Optare Olympus,More.png,RedMore.png,In Service,
1411,HF09 FVX,2009,Scania N230UD Optare Olympus,More.png,RedMore.png,In Service,
1412,HF09 FVT,2009,Scania N230UD Optare Olympus,More.png,HantsDorset.png,In Service,
1501,HF59 FAA,2010,Scania N230UD Alexander-Dennis Enviro400 Classic,Salisbury.png,SRNew.png,In Service,
1502,HF59 FAJ,2010,Scania N230UD Alexander-Dennis Enviro400 Classic,Salisbury.png,SRNew.png,In Service,
1503,HF59 FAK,2010,Scania N230UD Alexander-Dennis Enviro400 Classic,Salisbury.png,SRNew.png,In Service,
1504,HF59 FAM,2010,Scania N230UD Alexander-Dennis Enviro400 Classic,Salisbury.png,SRNew.png,In Service,
1505,HF59 FAO,2010,Scania N230UD Alexander-Dennis Enviro400 Classic,Salisbury.png,SRNew.png,In Service,
1506,HF59 FAU,2010,Scania N230UD Alexander-Dennis Enviro400 Classic,Salisbury.png,SRNew.png,In Service,
1507,HW62 CVF,2012,Alexander-Dennis Enviro400 Classic,Damory.png,Bluevectis.png,In Service,
1508,HW62 CVL,2012,Alexander-Dennis Enviro400 Classic,Damory.png,Bluevectis.png,In Service,
1509,HW62 CVM,2012,Alexander-Dennis Enviro400 Classic,Damory.png,DamoryBlue.png,In Service,
1510,HW62 CVO,2012,Alexander-Dennis Enviro400 Classic,Damory.png,Bluevectis.png,In Service,
1511,HW62 CVZ,2012,Alexander-Dennis Enviro400 Classic,SV.png,SouthernVectis.png,In Service,
1512,HW62 CWN,2012,Alexander-Dennis Enviro400 Classic,SV.png,SouthernVectis.png,In Service,
1513,HW62 CXK,2012,Alexander-Dennis Enviro400 Classic,SV.png,SouthernVectis.png,In Service,
1514,HW62 CXR,2012,Alexander-Dennis Enviro400 Classic,SV.png,SouthernVectis.png,In Service,
1515,HW62 CYJ,2012,Alexander-Dennis Enviro400 Classic,SV.png,SouthernVectis.png,In Service,
1516,HW62 CZO,2012,Alexander-Dennis Enviro400 Classic,SV.png,IslandCoaster.png,In Service,
1517,HW62 CZY,2012,Alexander-Dennis Enviro400 Classic,SV.png,IslandCoaster.png,In Service,
1518,HW62 CAO,2012,Alexander-Dennis Enviro400 Classic,SV.png,SouthernVectis.png,In Service,
1519,HW62 CCD,2012,Alexander-Dennis Enviro400 Classic,SV.png,SouthernVectis.png,In Service,
1520,HW62 CEJ,2012,Alexander-Dennis Enviro400 Classic,SV.png,SouthernVectis.png,In Service,
1521,HW62 CMZ,2012,Alexander-Dennis Enviro400 Classic,SV.png,SouthernVectis.png,In Service,
1522,HW62 CNA,2012,Alexander-Dennis Enviro400 Classic,SV.png,SouthernVectis.png,In Service,
1523,HW62 CNE,2012,Alexander-Dennis Enviro400 Classic,SV.png,SouthernVectis.png,In Service,
1524,HW62 CNU,2012,Alexander-Dennis Enviro400 Classic,SV.png,SouthernVectis.png,In Service,
1525,HW62 CLV,2012,Alexander-Dennis Enviro400 Classic,SV.png,SouthernVectis.png,In Service,
1526,HW62 CMU,2012,Alexander-Dennis Enviro400 Classic,SV.png,SouthernVectis.png,In Service,
1527,HJ63 JHV,2013,Alexander-Dennis Enviro400 Classic,Bluestar.png,BluestarOld.png,In Service,
1528,HJ63 JHX,2013,Alexander-Dennis Enviro400 Classic,Bluestar.png,BluestarOld.png,In Service,
1529,HJ63 JHY,2013,Alexander-Dennis Enviro400 Classic,Bluestar.png,BluestarOld.png,In Service,
1530,HJ63 JHZ,2013,Alexander-Dennis Enviro400 Classic,More.png,BluestarOld.png,In Service,
1531,HJ63 JJE,2013,Alexander-Dennis Enviro400 Classic,More.png,BluestarOld.png,In Service,
1532,HJ63 JJF,2013,Alexander-Dennis Enviro400 Classic,More.png,BluestarOld.png,In Service,
1533,HJ63 JJK,2013,Alexander-Dennis Enviro400 Classic,More.png,BluestarOld.png,In Service,
1534,HJ63 JJL,2013,Alexander-Dennis Enviro400 Classic,More.png,BluestarOld.png,In Service,
1535,HJ63 JJO,2013,Alexander-Dennis Enviro400 Classic,More.png,More2017.png,In Service,
1536,HJ63 JJU,2013,Alexander-Dennis Enviro400 Classic,More.png,More2017.png,In Service,
1537,HJ63 JJV,2013,Alexander-Dennis Enviro400 Classic,More.png,More2017.png,In Service,
1538,HJ63 JJX,2013,Alexander-Dennis Enviro400 Classic,More.png,More2017.png,In Service,
1539,HJ63 JJY,2013,Alexander-Dennis Enviro400 Classic,More.png,More2017.png,In Service,
1540,HJ63 JJZ,2013,Alexander-Dennis Enviro400 Classic,More.png,RedMore.png,In Service,
1541,HJ63 JKE,2013,Alexander-Dennis Enviro400 Classic,More.png,RedMore.png,In Service,
1542,HJ63 JKF,2013,Alexander-Dennis Enviro400 Classic,Salisbury.png,SRNew.png,In Service,
1543,HJ63 JKK,2013,Alexander-Dennis Enviro400 Classic,Salisbury.png,SRNew.png,In Service,
1544,HJ63 JKN,2013,Alexander-Dennis Enviro400 Classic,Salisbury.png,SRNew.png,In Service,
1545,HJ63 JKO,2013,Alexander-Dennis Enviro400 Classic,Salisbury.png,SRNew.png,In Service,
1546,HJ63 JKU,2013,Alexander-Dennis Enviro400 Classic,Salisbury.png,SRNew.png,In Service,
1547,HJ63 JKV,2013,Alexander-Dennis Enviro400 Classic,More.png,RedMore.png,In Service,
1548,HJ63 JKX,2013,Alexander-Dennis Enviro400 Classic,Bluestar.png,BluestarOld.png,In Service,
1549,HJ63 JKY,2013,Alexander-Dennis Enviro400 Classic,Bluestar.png,BluestarOld.png,In Service,
1550,HJ63 JKZ,2013,Alexander-Dennis Enviro400 Classic,Bluestar.png,BluestarOld.png,In Service,
1551,HJ63 JLO,2013,Alexander-Dennis Enviro400 Classic,Bluestar.png,BluestarOld.png,In Service,
1552,HJ63 JLU,2013,Alexander-Dennis Enviro400 Classic,Bluestar.png,BluestarOld.png,In Service,
1553,HJ63 JLV,2013,Alexander-Dennis Enviro400 Classic,Bluestar.png,BluestarOld.png,In Service,
1554,HJ63 JLX,2013,Alexander-Dennis Enviro400 Classic,Bluestar.png,BluestarOld.png,In Service,
1555,HJ63 JMO,2013,Alexander-Dennis Enviro400 Classic,Bluestar.png,BluestarOld.png,In Service,
1556,HJ63 JMU,2013,Alexander-Dennis Enviro400 Classic,Bluestar.png,BluestarOld.png,In Service,
1557,HJ63 JMV,2013,Alexander-Dennis Enviro400 Classic,Bluestar.png,BluestarOld.png,In Service,
1558,HJ63 JMX,2013,Alexander-Dennis Enviro400 Classic,Bluestar.png,BluestarOld.png,In Service,
1559,HJ63 JNF,2013,Alexander-Dennis Enviro400 Classic,Bluestar.png,BluestarOld.png,In Service,
1560,HJ63 JNK,2013,Alexander-Dennis Enviro400 Classic,Bluestar.png,BluestarOld.png,In Service,
1561,HJ63 JNL,2013,Alexander-Dennis Enviro400 Classic,Bluestar.png,BluestarOld.png,In Service,
1562,HJ63 JNN,2013,Alexander-Dennis Enviro400 Classic,Bluestar.png,BluestarOld.png,In Service,
1563,HJ63 JNO,2013,Alexander-Dennis Enviro400 Classic,Bluestar.png,BluestarOld.png,In Service,
1564,HJ63 JNU,2013,Alexander-Dennis Enviro400 Classic,Bluestar.png,BluestarOld.png,In Service,
1565,HJ63 JNV,2013,Alexander-Dennis Enviro400 Classic,Bluestar.png,BluestarOld.png,In Service,
1566,HJ63 JNX,2013,Alexander-Dennis Enviro400 Classic,Bluestar.png,BluestarOld.png,In Service,
1567,HJ63 JNZ,2013,Alexander-Dennis Enviro400 Classic,Bluestar.png,BluestarOld.png,In Service,
1568,HJ63 JOA,2013,Alexander-Dennis Enviro400 Classic,Bluestar.png,BluestarOld.png,In Service,
1569,HJ63 JOH,2013,Alexander-Dennis Enviro400 Classic,Bluestar.png,BluestarOld.png,In Service,
1570,HJ63 JOU,2013,Alexander-Dennis Enviro400 Classic,Bluestar.png,BluestarOld.png,In Service,
1571,HW63 FGM,2013,Alexander-Dennis Enviro400 Classic,Swindon.png,BluestarOld.png,In Service,
1572,HW63 FGN,2013,Alexander-Dennis Enviro400 Classic,Swindon.png,BluestarOld.png,In Service,
1573,HW63 FGO,2013,Alexander-Dennis Enviro400 Classic,Swindon.png,BluestarOld.png,In Service,
1574,HW63 FGP,2013,Alexander-Dennis Enviro400 Classic,Swindon.png,BluestarOld.png,In Service,
1575,HW63 FGU,2013,Alexander-Dennis Enviro400 Classic,Salisbury.png,SRNew.png,In Service,
1576,HW63 FGV,2013,Alexander-Dennis Enviro400 Classic,Salisbury.png,SRNew.png,In Service,
1577,HW63 FGX,2013,Alexander-Dennis Enviro400 Classic,Salisbury.png,SRNew.png,In Service,
1578,HW63 FGZ,2013,Alexander-Dennis Enviro400 Classic,Salisbury.png,SRNew.png,In Service,
1579,HW63 FHA,2013,Alexander-Dennis Enviro400 Classic,Salisbury.png,SRNew.png,In Service,
1580,HW63 FHB,2013,Alexander-Dennis Enviro400 Classic,Salisbury.png,SRNew.png,In Service,
1585,HW63 FHG,2013,Alexander-Dennis Enviro400 Classic,Salisbury.png,SRNew.png,In Service,
1587,HW63 FHJ,2013,Alexander-Dennis Enviro400 Classic,SV.png,SouthernVectis.png,In Service,
1588,HW63 FHK,2013,Alexander-Dennis Enviro400 Classic,SV.png,SouthernVectis.png,In Service,
1589,HW63 FHL,2013,Alexander-Dennis Enviro400 Classic,SV.png,SouthernVectis.png,In Service,
1590,HW63 FHM,2013,Alexander-Dennis Enviro400 Classic,SV.png,SouthernVectis.png,In Service,
1591,HW63 FHN,2013,Alexander-Dennis Enviro400 Classic,SV.png,SouthernVectis.png,In Service,
1592,HW63 FHO,2013,Alexander-Dennis Enviro400 Classic,SV.png,SouthernVectis.png,In Service,
1593,HW63 FHP,2013,Alexander-Dennis Enviro400 Classic,SV.png,SouthernVectis.png,In Service,
1594,HW63 FHR,2013,Alexander-Dennis Enviro400 Classic,SV.png,SouthernVectis.png,In Service,
1595,HF64 BSV,2014,Alexander-Dennis Enviro400 Classic,SV.png,SouthernVectis.png,In Service,
1596,HF64 BSX,2014,Alexander-Dennis Enviro400 Classic,SV.png,RecruitingWomen.png,In Service,
1597,HF64 BSY,2014,Alexander-Dennis Enviro400 Classic,Salisbury.png,SRNew.png,In Service,
1598,HF64 BSZ,2014,Alexander-Dennis Enviro400 Classic,Salisbury.png,SRNew.png,In Service,
1599,HF64 BTE,2014,Alexander-Dennis Enviro400 Classic,Salisbury.png,SRNew.png,In Service,
1600,HF64 BTO,2014,Alexander-Dennis Enviro400 Classic,Salisbury.png,SRNew.png,In Service,
1601,HF64 BOV,2014,Alexander-Dennis Enviro400 Classic,Bluestar.png,BluestarOld.png,In Service,
1602,HF64 BPE,2014,Alexander-Dennis Enviro400 Classic,Bluestar.png,BluestarOld.png,In Service,
1603,HF64 BPK,2014,Alexander-Dennis Enviro400 Classic,Bluestar.png,BluestarOld.png,In Service,
1604,HF64 BPO,2014,Alexander-Dennis Enviro400 Classic,Bluestar.png,BluestarOld.png,In Service,
1605,HF65 AXY,2015,Alexander-Dennis Enviro400 Classic,Bluestar.png,BluestarOld.png,In Service,
1606,HF65 AXZ,2015,Alexander-Dennis Enviro400 Classic,Bluestar.png,BluestarOld.png,In Service,
1607,HF65 AYA,2015,Alexander-Dennis Enviro400 Classic,Bluestar.png,BluestarOld.png,In Service,
1608,HF65 AYB,2015,Alexander-Dennis Enviro400 Classic,More.png,More2017.png,In Service,
1609,HF65 AYN,2015,Alexander-Dennis Enviro400 Classic,More.png,RedMore.png,In Service,
1610,HF65 AYO,2015,Alexander-Dennis Enviro400 Classic,More.png,RedMore.png,In Service,
1611,HF65 AYP,2015,Alexander-Dennis Enviro400 Classic,More.png,RedMore.png,In Service,
1612,HF65 AYS,2015,Alexander-Dennis Enviro400 Classic,More.png,RedMore.png,In Service,
1613,HJ16 HSC,2016,Alexander-Dennis Enviro400 Classic,SV.png,SouthernVectis.png,In Service,
1614,HJ16 HSD,2016,Alexander-Dennis Enviro400 Classic,SV.png,SouthernVectis.png,In Service,
1615,HJ16 HSE,2016,Alexander-Dennis Enviro400 Classic,SV.png,SouthernVectis.png,In Service,
1616,HJ16 HSF,2016,Alexander-Dennis Enviro400 Classic,SV.png,SouthernVectis.png,In Service,
1617,HJ16 HSG,2016,Alexander-Dennis Enviro400 Classic,SV.png,SouthernVectis.png,In Service,
1618,HJ16 HSK,2016,Alexander-Dennis Enviro400 Classic,SV.png,SouthernVectis.png,In Service,
1619,HJ16 HSL,2016,Alexander-Dennis Enviro400 Classic,SV.png,SouthernVectis.png,In Service,
1620,HJ16 HSN,2016,Alexander-Dennis Enviro400 Classic,SV.png,SouthernVectis.png,In Service,
1621,HJ16 HSO,2016,Alexander-Dennis Enviro400 Classic,SV.png,SouthernVectis.png,In Service,
1622,HJ16 HSU,2016,Alexander-Dennis Enviro400 Classic,SV.png,SouthernVectis.png,In Service,
1623,HF66 CDY,2016,Alexander-Dennis Enviro400 MMC,More.png,More2017.png,In Service,
1624,HF66 CDZ,2016,Alexander-Dennis Enviro400 MMC,More.png,More2017.png,In Service,
1625,HF66 CEA,2016,Alexander-Dennis Enviro400 MMC,More.png,More2017.png,In Service,
1626,HF66 CEJ,2016,Alexander-Dennis Enviro400 MMC,More.png,More2017.png,In Service,
1627,HF66 CEK,2016,Alexander-Dennis Enviro400 MMC,More.png,PurbeckBreezer.png,In Service,
1628,HF66 CEN,2016,Alexander-Dennis Enviro400 MMC,More.png,More2017.png,In Service,
1629,HF66 CEO,2016,Alexander-Dennis Enviro400 MMC,More.png,More2017.png,In Service,
1630,HF66 CEU,2016,Alexander-Dennis Enviro400 MMC,More.png,More2017.png,In Service,
1631,HF66 CEV,2016,Alexander-Dennis Enviro400 MMC,More.png,More2017.png,In Service,
1632,HF66 CEX,2016,Alexander-Dennis Enviro400 MMC,Bluestar.png,BluestarNew.png,In Service,
1633,HF66 CEY,2016,Alexander-Dennis Enviro400 MMC,Bluestar.png,BluestarNew.png,In Service,
1634,HF66 CFA,2016,Alexander-Dennis Enviro400 MMC,Bluestar.png,BluestarNew.png,In Service,
1635,HF66 CFD,2016,Alexander-Dennis Enviro400 MMC,Salisbury.png,Stonehenge.png,In Service,
1636,HF66 CFE,2016,Alexander-Dennis Enviro400 MMC,Salisbury.png,Stonehenge.png,In Service,
1637,HF66 CFG,2016,Alexander-Dennis Enviro400 MMC,Salisbury.png,Stonehenge.png,In Service,
1638,HF66 CFJ,2016,Alexander-Dennis Enviro400 MMC,Salisbury.png,SRNew.png,In Service,
1639,HF66 CFK,2016,Alexander-Dennis Enviro400 MMC,Salisbury.png,SRNew.png,In Service,
1640,HF66 CFL,2016,Alexander-Dennis Enviro400 MMC,Salisbury.png,SRNew.png,In Service,
1641,HF66 CFM,2016,Alexander-Dennis Enviro400 MMC,Salisbury.png,SRNew.png,In Service,
1642,HF66 CFN,2016,Alexander-Dennis Enviro400 MMC,Salisbury.png,SRNew.png,In Service,
1643,HF66 CFO,2016,Alexander-Dennis Enviro400 MMC,More.png,BluestarNew.png,In Service,
1644,HF66 CFP,2016,Alexander-Dennis Enviro400 MMC,More.png,BluestarNew.png,In Service,
1645,HF66 CFU,2016,Alexander-Dennis Enviro400 MMC,More.png,BluestarNew.png,In Service,
1646,HF66 CFV,2016,Alexander-Dennis Enviro400 MMC,More.png,BluestarNew.png,In Service,
1647,HF66 CFX,2016,Alexander-Dennis Enviro400 MMC,More.png,BluestarNew.png,In Service,
1648,HF66 CFY,2016,Alexander-Dennis Enviro400 MMC,SV.png,SouthernVectis.png,In Service,
1649,HF66 CFZ,2016,Alexander-Dennis Enviro400 MMC,SV.png,SouthernVectis.png,In Service,
1650,HF66 CGE,2016,Alexander-Dennis Enviro400 MMC,SV.png,SouthernVectis.png,In Service,
1651,HF66 CGG,2016,Alexander-Dennis Enviro400 MMC,SV.png,SouthernVectis.png,In Service,
1652,HF66 CGK,2016,Alexander-Dennis Enviro400 MMC,SV.png,SouthernVectis.png,In Service,
1653,HF66 CHD,2016,Alexander-Dennis Enviro400 MMC,SV.png,SouthernVectis.png,In Service,
1654,HF66 CHG,2016,Alexander-Dennis Enviro400 MMC,SV.png,SouthernVectis.png,In Service,
1655,HW67 AHO,2017,Alexander-Dennis Enviro400 MMC,Bluestar.png,RecruitingWomen.png,In Service,
1656,HW67 AHP,2017,Alexander-Dennis Enviro400 MMC,SV.png,SouthernVectis.png,In Service,
1657,HW67 AHU,2018,Alexander-Dennis Enviro400 MMC,SV.png,SouthernVectis.png,In Service,
1658,HW67 AHV,2018,Alexander-Dennis Enviro400 MMC,SV.png,SouthernVectis.png,In Service,
1659,HW67 AHX,2018,Alexander-Dennis Enviro400 MMC,SV.png,SouthernVectis.png,In Service,
1660,HW67 AHY,2018,Alexander-Dennis Enviro400 MMC,SV.png,SouthernVectis.png,In Service,
1661,HW67 AHZ,2018,Alexander-Dennis Enviro400 MMC,SV.png,SouthernVectis.png,In Service,
1662,HW67 AJO,2018,Alexander-Dennis Enviro400 MMC,SV.png,SouthernVectis.png,In Service,
1663,HW67 AJU,2018,Alexander-Dennis Enviro400 MMC,SV.png,SouthernVectis.png,In Service,
1664,HW67 AJV,2018,Alexander-Dennis Enviro400 MMC,SV.png,SouthernVectis.png,In Service,
1665,HW67 AJY,2018,Alexander-Dennis Enviro400 MMC,SV.png,SouthernVectis.png,In Service,
1666,HW67 AKF,2018,Alexander-Dennis Enviro400 MMC,SV.png,SouthernVectis.png,In Service,
1667,HW67 AKG,2018,Alexander-Dennis Enviro400 MMC,SV.png,SouthernVectis.png,In Service,
1668,HW67 AKJ,2018,Alexander-Dennis Enviro400 MMC,SV.png,SouthernVectis.png,In Service,
1669,HW67 AKK,2018,Alexander-Dennis Enviro400 MMC,SV.png,SouthernVectis.png,In Service,
1670,HW67 AKN,2018,Alexander-Dennis Enviro400 MMC,SV.png,SouthernVectis.png,In Service,
1671,HW67 AKO,2018,Alexander-Dennis Enviro400 MMC,SV.png,SouthernVectis.png,In Service,
1672,HF69 CSV,2019,Alexander-Dennis Enviro400 MMC,Bluestar.png,BluestarNew.png,In Service,
1673,HF69 CRV,2019,Alexander-Dennis Enviro400 MMC,More.png,More2017.png,In Service,
1674,HF69 CRX,2019,Alexander-Dennis Enviro400 MMC,More.png,More2017.png,In Service,
1675,HF69 CRZ,2019,Alexander-Dennis Enviro400 MMC,More.png,More2017.png,In Service,
1676,HF69 CSO,2019,Alexander-Dennis Enviro400 MMC,More.png,More2017.png,In Service,
1677,HF69 CSU,2019,Alexander-Dennis Enviro400 MMC,More.png,More2017.png,In Service,
1678,HF69 CRK,2019,Alexander-Dennis Enviro400 MMC,Salisbury.png,Activ8.png,In Service,
1679,HF69 CRU,2019,Alexander-Dennis Enviro400 MMC,Salisbury.png,Activ8.png,In Service,
1680,HF20 CUY,2020,Alexander-Dennis Enviro400 MMC,Salisbury.png,Activ8.png,In Service,
1681,HF20 CVA,2020,Alexander-Dennis Enviro400 MMC,Salisbury.png,Activ8.png,In Service,
1682,HF20 CVB,2020,Alexander-Dennis Enviro400 MMC,Salisbury.png,Activ8.png,In Service,
1683,HF20 CUY,2020,Alexander-Dennis Enviro400 MMC,More.png,More2017.png,In Service,
1684,HF20 CVA,2020,Alexander-Dennis Enviro400 MMC,More.png,More2017.png,In Service,
1685,HF20 CVB,2020,Alexander-Dennis Enviro400 MMC,More.png,More2017.png,In Service,
1686,HJ22 UXW,2022,Alexander-Dennis Enviro400 MMC,Unibus.png,UnibusNormal.png,In Service,
1687,HJ22 UXX,2022,Alexander-Dennis Enviro400 MMC,Unibus.png,UnibusNormal.png,In Service,
1688,HJ22 UXY,2022,Alexander-Dennis Enviro400 MMC,Unibus.png,UnibusPride.png,In Service,
1689,HJ22 UXZ,2022,Alexander-Dennis Enviro400 MMC,Unibus.png,UnibusNormal.png,In Service,
1690,HJ22 UYA,2022,Alexander-Dennis Enviro400 MMC,Unibus.png,UnibusNormal.png,In Service,
1691,HJ22 UYB,2022,Alexander-Dennis Enviro400 MMC,Unibus.png,UnibusNormal.png,In Service,
1692,HJ22 UYC,2022,Alexander-Dennis Enviro400 MMC,Unibus.png,UnibusNormal.png,In Service,
1693,HJ22 UYD,2022,Alexander-Dennis Enviro400 MMC,Unibus.png,UnibusNormal.png,In Service,
1694,HJ22 UYE,2022,Alexander-Dennis Enviro400 MMC,Unibus.png,UnibusNormal.png,In Service,
1695,HJ22 UYF,2022,Alexander-Dennis Enviro400 MMC,Unibus.png,UnibusNormal.png,In Service,
1696,HJ22 WOR,2022,Alexander-Dennis Enviro400 MMC,Unibus.png,UnibusNormal.png,In Service,
1697,HJ22 WOU,2022,Alexander-Dennis Enviro400 MMC,Unibus.png,UnibusNormal.png,In Service,
1698,HJ22 WOV,2022,Alexander-Dennis Enviro400 MMC,Unibus.png,PastelDGreen.png,In Service,
1699,HJ22 WOX,2022,Alexander-Dennis Enviro400 MMC,Unibus.png,PastelPink.png,In Service,
1700,HJ22 WOY,2022,Alexander-Dennis Enviro400 MMC,Unibus.png,White.png,In Service,
1701,HJ16 HSV,2016,Volvo B5TL MCV EvoSeti,More.png,PurbeckBreezer.png,In Service,
1702,HJ16 HSX,2016,Volvo B5TL MCV EvoSeti,More.png,PurbeckBreezer.png,In Service,
1703,HJ16 HSY,2016,Volvo B5TL MCV EvoSeti,More.png,PurbeckBreezer.png,In Service,
1704,HJ16 HSZ,2016,Volvo B5TL MCV EvoSeti,More.png,PurbeckBreezer.png,In Service,
1705,HJ16 HTA,2016,Volvo B5TL MCV EvoSeti,More.png,PurbeckBreezer.png,In Service,
1706,HJ16 HTC,2016,Volvo B5TL MCV EvoSeti,More.png,PurbeckBreezer.png,In Service,
1707,HF66 DSE,2017,Volvo B5TL MCV EvoSeti,More.png,PurbeckBreezer.png,In Service,
1708,HF66 DSO,2017,Volvo B5TL MCV EvoSeti,More.png,PurbeckBreezer.png,In Service,
1709,HF66 DSU,2017,Volvo B5TL MCV EvoSeti,More.png,PurbeckBreezer.png,In Service,
1710,HF66 DSV,2017,Volvo B5TL MCV EvoSeti,More.png,PurbeckBreezer.png,In Service,
1711,HF66 DSX,2017,Volvo B5TL MCV EvoSeti,More.png,PurbeckBreezer.png,In Service,
1712,HF66 DSY,2017,Volvo B5TL MCV EvoSeti,More.png,PurbeckBreezer.png,In Service,
1713,HJ73 JJV,2023,Alexander-Dennis Enviro400 MMC,More.png,More2023.png,In Service,
1714,HJ73 JJX,2023,Alexander-Dennis Enviro400 MMC,More.png,More2023.png,In Service,
1715,HJ73 JJY,2023,Alexander-Dennis Enviro400 MMC,More.png,More2023.png,In Service,
1716,HJ73 JJZ,2023,Alexander-Dennis Enviro400 MMC,More.png,More2023.png,In Service,
1717,HJ73 JKE,2023,Alexander-Dennis Enviro400 MMC,More.png,More2023.png,In Service,
1718,HJ73 JKF,2023,Alexander-Dennis Enviro400 MMC,More.png,More2023.png,In Service,
1719,HJ73 JKK,2023,Alexander-Dennis Enviro400 MMC,More.png,More2023.png,In Service,
1720,HJ73 JKN,2023,Alexander-Dennis Enviro400 MMC,More.png,More2023.png,In Service,
1721,HJ73 JKO,2023,Alexander-Dennis Enviro400 MMC,More.png,More2023.png,In Service,
1722,HJ73 JKU,2023,Alexander-Dennis Enviro400 MMC,More.png,More2023.png,In Service,
1723,HJ73 JKV,2023,Alexander-Dennis Enviro400 MMC,More.png,More2023.png,In Service,
1724,HJ73 JKX,2023,Alexander-Dennis Enviro400 MMC,More.png,More2023.png,In Service,
1725,HJ73 JKY,2023,Alexander-Dennis Enviro400 MMC,More.png,More2023.png,In Service,
1726,HJ73 JKZ,2023,Alexander-Dennis Enviro400 MMC,More.png,More2023.png,In Service,
1727,HJ73 JLO,2023,Alexander-Dennis Enviro400 MMC,More.png,More2023.png,In Service,
1728,HJ73 NEN,2023,Alexander-Dennis Enviro400 MMC,More.png,More2023.png,In Service,
1729,HJ73 NEO,2023,Alexander-Dennis Enviro400 MMC,More.png,More2023.png,In Service,
1730,HJ73 NEU,2023,Alexander-Dennis Enviro400 MMC,More.png,More2023.png,In Service,
1731,HJ73 NFA,2023,Alexander-Dennis Enviro400 MMC,More.png,More2023.png,In Service,
1732,HJ73 NFC,2023,Alexander-Dennis Enviro400 MMC,More.png,More2023.png,In Service,
1733,HJ73 NFD,2023,Alexander-Dennis Enviro400 MMC,More.png,More2023.png,In Service,
1734,HJ73 NFE,2023,Alexander-Dennis Enviro400 MMC,More.png,More2023.png,In Service,
1735,HJ73 NFF,2023,Alexander-Dennis Enviro400 MMC,More.png,More2023.png,In Service,
1736,HJ73 NFG,2023,Alexander-Dennis Enviro400 MMC,More.png,More2023.png,In Service,
1737,HJ73 NFH,2023,Alexander-Dennis Enviro400 MMC,More.png,More2023.png,In Service,
1738,HJ73 NFK,2023,Alexander-Dennis Enviro400 MMC,More.png,More2023.png,In Service,
1739,HJ73 NFL,2023,Alexander-Dennis Enviro400 MMC,More.png,More2023.png,In Service,
1740,HJ73 NFM,2023,Alexander-Dennis Enviro400 MMC,More.png,More2023.png,In Service,
1741,HW73 BEA,2023,Alexander-Dennis Enviro400 MMC,SV.png,SouthernVectis.png,In Service,
1742,HW73 BEB,2023,Alexander-Dennis Enviro400 MMC,SV.png,SouthernVectis.png,In Service,
1743,HW73 BEC,2023,Alexander-Dennis Enviro400 MMC,SV.png,SouthernVectis.png,In Service,
1744,HW73 BED,2023,Alexander-Dennis Enviro400 MMC,SV.png,SouthernVectis.png,In Service,
1745,HW73 BEE,2023,Alexander-Dennis Enviro400 MMC,SV.png,SouthernVectis.png,In Service,
1746,HW73 BEG,2023,Alexander-Dennis Enviro400 MMC,SV.png,SouthernVectis.png,In Service,
1747,HW73 BEK,2023,Alexander-Dennis Enviro400 MMC,SV.png,SouthernVectis.png,In Service,
1748,HJ24 KBF,2024,Alexander-Dennis Enviro400 MMC,Bluestar.png,BluestarNew.png,In Service,
1749,HJ24 KBK,2024,Alexander-Dennis Enviro400 MMC,Bluestar.png,BluestarNew.png,In Service,
1750,HJ24 KBP,2024,Alexander-Dennis Enviro400 MMC,Bluestar.png,BluestarNew.png,In Service,
1751,HJ24 KBO,2024,Alexander-Dennis Enviro400 MMC,Bluestar.png,BluestarNew.png,In Service,
1752,HJ24 KBN,2024,Alexander-Dennis Enviro400 MMC,Bluestar.png,BluestarNew.png,In Service,
1753,HJ24 KBU,2024,Alexander-Dennis Enviro400 MMC,Bluestar.png,BluestarNew.png,In Service,
1754,HJ24 KBV,2024,Alexander-Dennis Enviro400 MMC,Bluestar.png,BluestarNew.png,In Service,
1755,HJ24 KBX,2024,Alexander-Dennis Enviro400 MMC,Bluestar.png,BluestarNew.png,In Service,
1756,HJ24 KBY,2024,Alexander-Dennis Enviro400 MMC,Bluestar.png,BluestarNew.png,In Service,
1757,HJ24 KBZ,2024,Alexander-Dennis Enviro400 MMC,Bluestar.png,BluestarNew.png,In Service,
1758,HJ24 KCA,2024,Alexander-Dennis Enviro400 MMC,Bluestar.png,BluestarNew.png,In Service,
1759,HJ24 KCC,2024,Alexander-Dennis Enviro400 MMC,Bluestar.png,BluestarNew.png,In Service,
1760,HJ24 KCE,2024,Alexander-Dennis Enviro400 MMC,Bluestar.png,BluestarNew.png,In Service,
1761,HJ24 KCF,2024,Alexander-Dennis Enviro400 MMC,Bluestar.png,BluestarNew.png,In Service,
1762,HJ24 KCG,2024,Alexander-Dennis Enviro400 MMC,Bluestar.png,BluestarNew.png,In Service,
1763,HJ24 KCK,2024,Alexander-Dennis Enviro400 MMC,Bluestar.png,BluestarNew.png,In Service,
1764,HJ24 KAE,2024,Alexander-Dennis Enviro400 MMC,More.png,More2023.png,In Service,
1765,HJ24 KAK,2024,Alexander-Dennis Enviro400 MMC,More.png,More2023.png,In Service,
1766,HJ24 KAO,2024,Alexander-Dennis Enviro400 MMC,More.png,More2023.png,In Service,
1767,HJ24 KAU,2024,Alexander-Dennis Enviro400 MMC,More.png,More2023.png,In Service,
1768,HJ24 KAX,2024,Alexander-Dennis Enviro400 MMC,More.png,More2023.png,In Service,
1769,HJ24 KBE,2024,Alexander-Dennis Enviro400 MMC,More.png,More2023.png,In Service,
1770,HJ24 KCN,2024,Alexander-Dennis Enviro400 MMC,More.png,More2023.png,In Service,
1771,HJ24 KCO,2024,Alexander-Dennis Enviro400 MMC,More.png,More2023.png,In Service,
1772,HJ24 KCU,2024,Alexander-Dennis Enviro400 MMC,More.png,More2023.png,In Service,
1773,HJ24 KCV,2024,Alexander-Dennis Enviro400 MMC,More.png,More2023.png,In Service,
1774,HJ24 KCX,2024,Alexander-Dennis Enviro400 MMC,More.png,More2023.png,In Service,
1775,HJ24 KCY,2024,Alexander-Dennis Enviro400 MMC,More.png,More2023.png,In Service,
1776,HJ24 KCZ,2024,Alexander-Dennis Enviro400 MMC,More.png,More2023.png,In Service,
1777,HJ24 KDF,2024,Alexander-Dennis Enviro400 MMC,More.png,More2023.png,In Service,
1778,HJ24 KDK,2024,Alexander-Dennis Enviro400 MMC,More.png,More2023.png,In Service,
1779,HJ24 KDN,2024,Alexander-Dennis Enviro400 MMC,More.png,More2023.png,In Service,
1780,HJ24 KDO,2024,Alexander-Dennis Enviro400 MMC,More.png,More2023.png,In Service,
1781,HJ24 KDU,2024,Alexander-Dennis Enviro400 MMC,More.png,More2023.png,In Service,
1782,HJ24 KDV,2024,Alexander-Dennis Enviro400 MMC,More.png,More2023.png,In Service,
1783,HJ24 RBX,2024,Alexander-Dennis Enviro400 MMC,More.png,More2023.png,In Service,
1784,HJ24 RBZ,2024,Alexander-Dennis Enviro400 MMC,More.png,More2023.png,In Service,
1785,HJ24 RCF,2024,Alexander-Dennis Enviro400 MMC,More.png,More2023.png,In Service,
1786,HJ24 RCO,2024,Alexander-Dennis Enviro400 MMC,More.png,X3.png,In Service,
1787,HJ24 RCU,2024,Alexander-Dennis Enviro400 MMC,More.png,X3.png,In Service,
1788,HJ24 RCV,2024,Alexander-Dennis Enviro400 MMC,More.png,X3.png,In Service,
1789,HJ24 RCX,2024,Alexander-Dennis Enviro400 MMC,More.png,X3.png,In Service,
1790,HJ24 RCY,2024,Alexander-Dennis Enviro400 MMC,More.png,X3.png,In Service,
1791,HJ24 RCZ,2024,Alexander-Dennis Enviro400 MMC,More.png,X3.png,In Service,
1792,HJ25 BYN,2025,Alexander-Dennis Enviro400 MMC,More.png,More2023.png,In Service,
1793,HJ25 BYO,2025,Alexander-Dennis Enviro400 MMC,Damory.png,More2023.png,In Service,
1794,HJ25 BYP,2025,Alexander-Dennis Enviro400 MMC,Damory.png,More2023.png,In Service,
1795,HJ25 BXW,2025,Alexander-Dennis Enviro400 MMC,Bluestar.png,TheOne.png,In Service,
1796,HJ25 BXX,2025,Alexander-Dennis Enviro400 MMC,Bluestar.png,TheOne.png,In Service,
1797,HJ25 BXY,2025,Alexander-Dennis Enviro400 MMC,Bluestar.png,TheOne.png,In Service,
1798,HJ25 BXZ,2025,Alexander-Dennis Enviro400 MMC,Bluestar.png,TheOne.png,In Service,
1799,HJ25 BYA,2025,Alexander-Dennis Enviro400 MMC,Bluestar.png,TheOne.png,In Service,
1800,HJ25 BYB,2025,Alexander-Dennis Enviro400 MMC,Bluestar.png,TheOne.png,In Service,
1801,HJ25 BYC,2025,Alexander-Dennis Enviro400 MMC,Bluestar.png,TheOne.png,In Service,
1802,HJ25 BYD,2025,Alexander-Dennis Enviro400 MMC,Bluestar.png,TheOne.png,In Service,
1803,HJ25 BYF,2025,Alexander-Dennis Enviro400 MMC,Bluestar.png,TheOne.png,In Service,
1804,HJ25 BYG,2025,Alexander-Dennis Enviro400 MMC,Bluestar.png,TheOne.png,In Service,
1805,HJ25 BYH,2025,Alexander-Dennis Enviro400 MMC,Bluestar.png,BluestarNew.png,In Service,
1806,HJ25 BYK,2025,Alexander-Dennis Enviro400 MMC,Bluestar.png,BluestarNew.png,In Service,
1807,HJ25 BYL,2025,Alexander-Dennis Enviro400 MMC,Bluestar.png,BluestarNew.png,In Service,
1808,HJ25 BYM,2025,Alexander-Dennis Enviro400 MMC,Bluestar.png,BluestarNew.png,In Service,
1809,HJ25 BYR,2025,Alexander-Dennis Enviro400 MMC,Salisbury.png,SRNew.png,In Service,
1812,YBZ 223,2002,Volvo B7TL East Lancs Vyking,More.png,BeachBreezer.png,In Service,
1813,YBZ 224,2002,Volvo B7TL East Lancs Vyking,More.png,BeachBreezer.png,In Service,
1821,HF54 KXT,2005,Volvo B7TL East Lancs Myllennium Vyking,More.png,RedMore.png,In Service,
1822,HF54 KXU,2005,Volvo B7TL East Lancs Myllennium Vyking,More.png,Purple.png,In Service,
1823,HF54 KXV,2005,Volvo B7TL East Lancs Myllennium Vyking,More.png,NFTRed.png,In Service,
1824,HF54 KXW,2005,Volvo B7TL East Lancs Myllennium Vyking,More.png,NFTRed.png,In Service,
1825,HF05 GGE,2005,Volvo B7TL East Lancs Myllennium Vyking,More.png,RedMore.png,In Service,
1826,HF05 GGJ,2005,Volvo B7TL East Lancs Myllennium Vyking,More.png,NFTBlue.png,In Service,
1827,HF05 GGK,2005,Volvo B7TL East Lancs Myllennium Vyking,More.png,NFTBlue.png,In Service,
1828,HF05 GGO,2005,Volvo B7TL East Lancs Myllennium Vyking,More.png,NFTGreen.png,In Service,
1829,HF05 GGP,2005,Volvo B7TL East Lancs Myllennium Vyking,More.png,NFTGreen.png,In Service,
1830,HF05 GGU,2005,Volvo B7TL East Lancs Myllennium Vyking,More.png,RedMore.png,In Service,
1831,HF05 GGV,2005,Volvo B7TL East Lancs Myllennium Vyking,More.png,HarbourBreezer.png,In Service,
1832,HF05 GGX,2005,Volvo B7TL East Lancs Myllennium Vyking,More.png,HarbourBreezer.png,In Service,
1833,HF05 GGY,2005,Volvo B7TL East Lancs Myllennium Vyking,More.png,HarbourBreezer.png,In Service,
1904,W504 WGH,2000,Volvo B7TL Plaxton President,SV.png,PrezzieTrainer.png,In Service,
1910,W474 WGH,2000,Volvo B7TL Plaxton President,Bluestar.png,PrezzieTrainer.png,Driver Training,
1928,W498 WGH,2000,Volvo B7TL Plaxton President,Bluestar.png,PrezzieTrainer.png,Driver Training,
1940,Y704 TGH,2001,Volvo B7TL Plaxton President,Bluestar.png,PrezzieTrainer.png,Driver Training,
1941,Y741 TGH,2001,Volvo B7TL Plaxton President,More.png,PrezzieTrainer.png,Withdrawn,
1942,Y742 TGH,2001,Volvo B7TL Plaxton President,More.png,PrezzieTrainer.png,Driver Training,
1943,Y743 TGH,2001,Volvo B7TL Plaxton President,More.png,PrezzieTrainer.png,Driver Training,
1991,WDL 691,2002,Volvo B7TL Plaxton President,SV.png,IslandBreezer.png,In Service,
1992,GSK 962,2002,Volvo B7TL Plaxton President,SV.png,IslandBreezer.png,In Service,
1993,HW52 EPN,2002,Volvo B7TL Plaxton President,events.png,SROld.png,Reserve,
1994,HW52 EPO,2002,Volvo B7TL Plaxton President,events.png,SROld.png,Withdrawn,
1995,HW52 EPP,2002,Volvo B7TL Plaxton President,Salisbury.png,SROld.png,Withdrawn,
1996,HW52 EPU,2002,Volvo B7TL Plaxton President,events.png,SROld.png,Reserve,
1997,HW52 EPV,2002,Volvo B7TL Plaxton President,events.png,SROld.png,Reserve,
2001,YN06 CGO,2006,Scania N94UB OmniCity,Swindon.png,OldMore.png,In Service,
2002,HF58 HTJ,2008,Scania N230UB OmniCity,SV.png,SVTRNG.png,In Service,
2003,HF58 HJG,2008,Scania N230UB OmniCity,SV.png,SVTRNG.png,In Service,
2004,HF58 HTK,2008,Scania N230UB OmniCity,Swindon.png,SouthernVectis.png,In Service,
2005,HF58 HTL,2008,Scania N230UB OmniCity,Bluestar.png,BluestarOld.png,Withdrawn,
2006,HF58 HTN,2008,Scania N230UB OmniCity,Swindon.png,BluestarOld.png,In Service,
2007,HF58 HTO,2008,Scania N230UB OmniCity,Swindon.png,SouthernVectis.png,In Service,
2008,HF58 HTP,2008,Scania N230UB OmniCity,Swindon.png,OldMore.png,In Service,
2009,HF58 HTT,2008,Scania N230UB OmniCity,More.png,OldMore.png,In Service,
2010,HF58 HTU,2008,Scania N230UB OmniCity,Swindon.png,OldMore.png,In Service,
2011,HF61 FWL,2011,Scania N230UB OmniCity,Bluestar.png,BluestarTNRG.png,Driver Training,
2012,HF61 FWM,2011,Scania N230UB OmniCity,Bluestar.png,BluestarTNRG.png,Driver Training,
2101,YT59 SFJ,2008,Scania K230UB Wright Solar,Swindon.png,Swindon.png,In Service,
2203,HF54 HFR,2004,Volvo B7RLE Wright Eclipse Urban,More.png,OldMore.png,In Service,
2204,HF54 HFT,2004,Volvo B7RLE Wright Eclipse Urban,Bluestar.png,BluestarTNRG.png,Driver Training,
2206,HF54 HFV,2004,Volvo B7RLE Wright Eclipse Urban,Salisbury.png,SalisburyTRNG.png,Driver Training,
2207,HF54 HFW,2004,Volvo B7RLE Wright Eclipse Urban,Salisbury.png,BluestarTNRG.png,Driver Training,
2208,HF54 HFX,2004,Volvo B7RLE Wright Eclipse Urban,More.png,OldMore.png,In Service,
2209,HF54 HFY,2004,Volvo B7RLE Wright Eclipse Urban,More.png,OldMore.png,In Service,
2213,HF54 HGD,2004,Volvo B7RLE Wright Eclipse Urban,More.png,BluestarTNRG.png,Driver Training,
2228,HF54 HHC,2004,Volvo B7RLE Wright Eclipse Urban,More.png,BluestarTNRG.png,Driver Training,
2238,HF05 HXH,2005,Volvo B7RLE Wright Eclipse Urban,More.png,OldMore.png,In Service,
2251,HF12 GVP,2012,Volvo B7RLE Wright Eclipse 2,More.png,OldMore.png,In Service,
2252,HF12 GVR,2012,Volvo B7RLE Wright Eclipse 2,More.png,OldMore.png,In Service,
2253,HF12 GVT,2012,Volvo B7RLE Wright Eclipse 2,More.png,OldMore.png,In Service,
2254,HF12 GVU,2012,Volvo B7RLE Wright Eclipse 2,More.png,OldMore.png,In Service,
2255,HF12 GVV,2012,Volvo B7RLE Wright Eclipse 2,More.png,OldMore.png,In Service,
2256,HF12 GVW,2012,Volvo B7RLE Wright Eclipse 2,More.png,OldMore.png,In Service,
2257,HF12 GVX,2012,Volvo B7RLE Wright Eclipse 2,More.png,OldMore.png,In Service,
2258,HF12 GVY,2012,Volvo B7RLE Wright Eclipse 2,More.png,OldMore.png,In Service,
2259,HF12 GVZ,2012,Volvo B7RLE Wright Eclipse 2,More.png,OldMore.png,In Service,
2260,HF12 GWA,2012,Volvo B7RLE Wright Eclipse 2,More.png,OldMore.png,In Service,
2261,HF12 GWC,2012,Volvo B7RLE Wright Eclipse 2,More.png,OldMore.png,In Service,
2262,HF12 GWD,2012,Volvo B7RLE Wright Eclipse 2,More.png,OldMore.png,In Service,
2263,HF12 GWE,2012,Volvo B7RLE Wright Eclipse 2,More.png,OldMore.png,In Service,
2264,HF12 GWG,2012,Volvo B7RLE Wright Eclipse 2,More.png,OldMore.png,In Service,
2265,HF12 GWJ,2012,Volvo B7RLE Wright Eclipse 2,More.png,OldMore.png,In Service,
2266,HF12 GWK,2012,Volvo B7RLE Wright Eclipse 2,More.png,OldMore.png,In Service,
2267,HF12 GWL,2012,Volvo B7RLE Wright Eclipse 2,More.png,OldMore.png,In Service,
2268,HF12 GWM,2012,Volvo B7RLE Wright Eclipse 2,More.png,OldMore.png,In Service,
2269,HF12 GWN,2012,Volvo B7RLE Wright Eclipse 2,More.png,OldMore.png,In Service,
2270,HF12 GWO,2012,Volvo B7RLE Wright Eclipse 2,More.png,OldMore.png,In Service,
2271,HF12 GWP,2012,Volvo B7RLE Wright Eclipse 2,More.png,OldMore.png,In Service,
2272,HF12 GWU,2012,Volvo B7RLE Wright Eclipse 2,More.png,OldMore.png,In Service,
2273,HF12 GWV,2012,Volvo B7RLE Wright Eclipse 2,More.png,OldMore.png,In Service,
2274,HF12 GWW,2012,Volvo B7RLE Wright Eclipse 2,More.png,OldMore.png,In Service,
2275,HF12 GWX,2012,Volvo B7RLE Wright Eclipse 2,More.png,OldMore.png,In Service,
2276,HF12 GWY,2012,Volvo B7RLE Wright Eclipse 2,More.png,OldMore.png,In Service,
2277,HF12 GWZ,2012,Volvo B7RLE Wright Eclipse 2,More.png,OldMore.png,In Service,
2278,HF12 GXA,2012,Volvo B7RLE Wright Eclipse 2,More.png,OldMore.png,In Service,
2279,HF12 GXB,2012,Volvo B7RLE Wright Eclipse 2,More.png,OldMore.png,In Service,
2280,HF12 GXC,2012,Volvo B7RLE Wright Eclipse 2,More.png,OldMore.png,In Service,
2281,HF12 GXD,2012,Volvo B7RLE Wright Eclipse 2,More.png,OldMore.png,In Service,
2282,HF12 GXE,2012,Volvo B7RLE Wright Eclipse 2,More.png,OldMore.png,In Service,
2283,HF12 GXG,2012,Volvo B7RLE Wright Eclipse 2,More.png,OldMore.png,In Service,
2284,HF12 GXH,2012,Volvo B7RLE Wright Eclipse 2,More.png,OldMore.png,In Service,
2285,HF12 GXJ,2012,Volvo B7RLE Wright Eclipse 2,More.png,OldMore.png,In Service,
2286,HF12 GXK,2012,Volvo B7RLE Wright Eclipse 2,More.png,OldMore.png,In Service,
2701,YX64 VOB,2014,Alexander-Dennis Enviro200 Classic,Swindon.png,Swindon.png,In Service,
2702,YX64 VOC,2014,Alexander-Dennis Enviro200 Classic,Swindon.png,Swindon.png,In Service,
2703,YX64 VOD,2014,Alexander-Dennis Enviro200 Classic,Swindon.png,Swindon.png,In Service,
2704,YX64 VOF,2014,Alexander-Dennis Enviro200 Classic,Swindon.png,Swindon.png,In Service,
2705,YX64 VOG,2014,Alexander-Dennis Enviro200 Classic,Swindon.png,Swindon.png,In Service,
2706,YX64 VOH,2014,Alexander-Dennis Enviro200 Classic,Swindon.png,Swindon.png,In Service,
2707,YX64 VOJ,2014,Alexander-Dennis Enviro200 Classic,Salisbury.png,SRNew.png,In Service,
2708,YX64 VOK,2014,Alexander-Dennis Enviro200 Classic,Salisbury.png,SRNew.png,In Service,
2709,HW64 AWZ,2014,Alexander-Dennis Enviro200 Classic,Damory.png,DamoryBlue.png,In Service,
2710,HW64 AXA,2014,Alexander-Dennis Enviro200 Classic,More.png,More2017.png,In Service,
2711,HW64 AXB,2014,Alexander-Dennis Enviro200 Classic,Salisbury.png,SRNew.png,In Service,
2712,HW64 AXC,2014,Alexander-Dennis Enviro200 Classic,Salisbury.png,SRNew.png,In Service,
2713,HW64 AXD,2014,Alexander-Dennis Enviro200 Classic,Salisbury.png,SRNew.png,In Service,
2714,HW64 AXF,2015,Alexander-Dennis Enviro200 Classic,Salisbury.png,SRNew.png,In Service,
2715,HW64 AXG,2015,Alexander-Dennis Enviro200 Classic,More.png,More2017.png,In Service,
2716,HW64 AXH,2015,Alexander-Dennis Enviro200 Classic,More.png,More2017.png,In Service,
2717,HW64 AXJ,2015,Alexander-Dennis Enviro200 Classic,More.png,More2017.png,In Service,
2718,HF64 BPU,2015,Alexander-Dennis Enviro200 Classic,Swindon.png,Swindon.png,In Service,
2719,HF64 BPV,2015,Alexander-Dennis Enviro200 Classic,Salisbury.png,SRNew.png,In Service,
2720,HF64 BPX,2015,Alexander-Dennis Enviro200 Classic,Swindon.png,Swindon.png,In Service,
2721,HF64 BPY,2015,Alexander-Dennis Enviro200 Classic,Salisbury.png,SRNew.png,In Service,
2722,HF64 BPZ,2015,Alexander-Dennis Enviro200 Classic,Salisbury.png,SRNew.png,In Service,
2723,HF64 BRV,2015,Alexander-Dennis Enviro200 Classic,Salisbury.png,SRNew.png,In Service,
2724,HF65 AYC,2015,Alexander-Dennis Enviro200 Classic,Salisbury.png,SRNew.png,In Service,
2725,HF65 AYD,2015,Alexander-Dennis Enviro200 Classic,Salisbury.png,SRNew.png,In Service,
2726,HF65 AYE,2015,Alexander-Dennis Enviro200 Classic,Salisbury.png,SRNew.png,In Service,
2727,HF65 AYG,2015,Alexander-Dennis Enviro200 Classic,Salisbury.png,SRNew.png,In Service,
2728,HF65 AYH,2015,Alexander-Dennis Enviro200 Classic,Salisbury.png,SRNew.png,In Service,
2729,HF65 AYJ,2015,Alexander-Dennis Enviro200 Classic,Salisbury.png,SRNew.png,In Service,
2730,HF65 AYK,2015,Alexander-Dennis Enviro200 Classic,Damory.png,DamoryBlue.png,In Service,
2731,HF65 AYL,2015,Alexander-Dennis Enviro200 Classic,More.png,More2017.png,In Service,
2732,HF65 AYM,2015,Alexander-Dennis Enviro200 Classic,Damory.png,DamoryBlue.png,In Service,
2733,HF65 CXE,2015,Alexander-Dennis Enviro200 MMC,Swindon.png,Swindon.png,In Service,
2734,HF65 CXG,2015,Alexander-Dennis Enviro200 MMC,Swindon.png,Swindon.png,In Service,
2735,HF65 CXH,2015,Alexander-Dennis Enviro200 MMC,Swindon.png,Swindon.png,In Service,
2736,HF65 CXJ,2015,Alexander-Dennis Enviro200 MMC,Swindon.png,Swindon.png,In Service,
2737,HF65 CXK,2015,Alexander-Dennis Enviro200 MMC,Swindon.png,Swindon.png,In Service,
2738,HF65 CXL,2015,Alexander-Dennis Enviro200 MMC,Swindon.png,Swindon.png,In Service,
2739,HF65 CXM,2015,Alexander-Dennis Enviro200 MMC,Swindon.png,Swindon.png,In Service,
2740,HF65 CXN,2015,Alexander-Dennis Enviro200 MMC,Bluestar.png,BluestarOld.png,In Service,
2741,HF65 CXO,2015,Alexander-Dennis Enviro200 MMC,Swindon.png,RecruitingWomen.png,In Service,
2742,HF65 CXP,2015,Alexander-Dennis Enviro200 MMC,Swindon.png,Swindon.png,In Service,
2743,HF65 CXT,2015,Alexander-Dennis Enviro200 MMC,Swindon.png,Swindon.png,In Service,
2744,HF65 CXU,2015,Alexander-Dennis Enviro200 MMC,Bluestar.png,BluestarOld.png,In Service,
2745,HF65 CXV,2015,Alexander-Dennis Enviro200 MMC,Bluestar.png,BluestarOld.png,In Service,
2746,HF65 CXW,2015,Alexander-Dennis Enviro200 MMC,Swindon.png,BluestarOld.png,In Service,
2747,HF65 CXX,2015,Alexander-Dennis Enviro200 MMC,Bluestar.png,BluestarOld.png,In Service,
2748,HF65 CXY,2015,Alexander-Dennis Enviro200 MMC,Swindon.png,BluestarOld.png,In Service,
2749,HF65 CXZ,2015,Alexander-Dennis Enviro200 MMC,Swindon.png,BluestarOld.png,In Service,
2750,HF65 CYA,2015,Alexander-Dennis Enviro200 MMC,Swindon.png,BluestarOld.png,In Service,
2751,HF66 CHH,2016,Alexander-Dennis Enviro200 Classic,More.png,More2017.png,In Service,
2752,HF66 DPU,2016,Alexander-Dennis Enviro200 MMC,Bluestar.png,BluestarOld.png,In Service,
2753,HF66 DPV,2016,Alexander-Dennis Enviro200 MMC,Bluestar.png,BluestarOld.png,In Service,
2754,HF66 DPX,2016,Alexander-Dennis Enviro200 MMC,Bluestar.png,BluestarOld.png,In Service,
2755,HF66 DPY,2016,Alexander-Dennis Enviro200 MMC,Bluestar.png,BluestarOld.png,In Service,
2756,HF66 DPZ,2016,Alexander-Dennis Enviro200 MMC,Bluestar.png,BluestarOld.png,In Service,
2757,HF66 DRO,2016,Alexander-Dennis Enviro200 MMC,Bluestar.png,BluestarOld.png,In Service,
2758,HF66 DRV,2016,Alexander-Dennis Enviro200 MMC,Bluestar.png,BluestarOld.png,In Service,
2759,HF66 DOU,2016,Alexander-Dennis Enviro200 MMC,Bluestar.png,BluestarOld.png,In Service,
2760,HF66 DPE,2016,Alexander-Dennis Enviro200 MMC,Bluestar.png,BluestarOld.png,In Service,
2761,HF66 DPK,2016,Alexander-Dennis Enviro200 MMC,Bluestar.png,BluestarOld.png,In Service,
2762,HF66 DPN,2016,Alexander-Dennis Enviro200 MMC,Bluestar.png,BluestarOld.png,In Service,
2763,HF66 DPO,2016,Alexander-Dennis Enviro200 MMC,Bluestar.png,BluestarOld.png,In Service,
2764,YX17 NHP,2017,Alexander-Dennis Enviro200 Classic,Damory.png,DamoryBlue.png,In Service,
2765,YX17 NHT,2017,Alexander-Dennis Enviro200 Classic,Damory.png,DamoryBlue.png,In Service,
2766,YX17 NHU,2017,Alexander-Dennis Enviro200 Classic,Swindon.png,Swindon.png,In Service,
2767,YX17 NHV,2017,Alexander-Dennis Enviro200 Classic,Damory.png,DamoryBlue.png,In Service,
2768,YX17 NHY,2017,Alexander-Dennis Enviro200 Classic,Swindon.png,Swindon.png,In Service,
2769,YX17 NHZ,2017,Alexander-Dennis Enviro200 Classic,Swindon.png,Swindon.png,In Service,
2770,YX17 NJE,2017,Alexander-Dennis Enviro200 Classic,Swindon.png,Swindon.png,In Service,
2771,YX17 NJF,2017,Alexander-Dennis Enviro200 Classic,Swindon.png,Swindon.png,In Service,
2772,HF67 ATN,2017,Alexander-Dennis Enviro200 MMC,Swindon.png,Swindon.png,In Service,
2773,HF67 ATO,2017,Alexander-Dennis Enviro200 MMC,Swindon.png,Swindon.png,In Service,
2774,HF67 ATU,2017,Alexander-Dennis Enviro200 MMC,Swindon.png,Swindon.png,In Service,
2775,HF67 ATV,2017,Alexander-Dennis Enviro200 MMC,Swindon.png,Swindon.png,In Service,
2776,HF67 ATX,2017,Alexander-Dennis Enviro200 MMC,Swindon.png,Swindon.png,In Service,
2777,HF67 ATY,2017,Alexander-Dennis Enviro200 MMC,Swindon.png,Swindon.png,In Service,
2778,HF67 ATZ,2017,Alexander-Dennis Enviro200 MMC,Swindon.png,Swindon.png,In Service,
2779,HF67 AUA,2017,Alexander-Dennis Enviro200 MMC,Swindon.png,Swindon.png,In Service,
2780,HF67 AUC,2017,Alexander-Dennis Enviro200 MMC,Swindon.png,Swindon.png,In Service,
2781,HF67 AUE,2017,Alexander-Dennis Enviro200 MMC,Swindon.png,Swindon.png,In Service,
2782,HF67 AUH,2017,Alexander-Dennis Enviro200 MMC,Swindon.png,Swindon.png,In Service,
2783,HF67 AUJ,2017,Alexander-Dennis Enviro200 MMC,Swindon.png,Swindon.png,In Service,
2784,HF67 AUK,2017,Alexander-Dennis Enviro200 MMC,Swindon.png,Swindon.png,In Service,
2785,HF67 AUL,2018,Alexander-Dennis Enviro200 MMC,Salisbury.png,Brown.png,Reserve,
2786,HF67 AUM,2018,Alexander-Dennis Enviro200 MMC,Salisbury.png,Brown.png,Reserve,
2787,HF67 AUN,2018,Alexander-Dennis Enviro200 MMC,Salisbury.png,Brown.png,Reserve,
2788,HF67 AUO,2018,Alexander-Dennis Enviro200 MMC,Salisbury.png,Brown.png,Reserve,
2789,HF67 AUP,2018,Alexander-Dennis Enviro200 MMC,Salisbury.png,Brown.png,Reserve,
2790,HF67 AUR,2018,Alexander-Dennis Enviro200 MMC,Salisbury.png,Brown.png,Reserve,
3328,HW54 DBZ,2004,Dennis Dart MPD Plaxton Pointer 2,Damory.png,DamoryBlue.png,In Service,
3329,HW54 DCE,2004,Dennis Dart MPD Plaxton Pointer 2,Damory.png,DamoryBlue.png,In Service,
3756,YJ06 FYC,2006,Optare Solo,More.png,OldMore.png,Withdrawn,
3757,YJ06 FYD,2006,Optare Solo,More.png,More2017.png,In Service,
3764,MX08 MZF,2008,Optare Solo,More.png,OldMore.png,In Service,
3765,MX08 MZJ,2008,Optare Solo,More.png,OldMore.png,In Service,
3776,MX57 UPC,2008,Optare Solo,Damory.png,DamoryBlue.png,In Service,
3778,CE52 UXC,2002,Optare Solo,Damory.png,DamoryBlue.png,In Service,
3801,BP09 ONE,2009,Optare Solo SR,More.png,More2017.png,In Service,
3802,PB09 ONE,2009,Optare Solo SR,More.png,More2017.png,In Service,
3803,HW62 CGF,2012,Optare Solo SR,SV.png,SouthernVectis.png,In Service,
3804,HW62 CGO,2012,Optare Solo SR,SV.png,SouthernVectis.png,In Service,
3805,HW62 CGY,2012,Optare Solo SR,SV.png,SouthernVectis.png,In Service,
3806,HW62 CHC,2012,Optare Solo SR,SV.png,SouthernVectis.png,In Service,
3807,HW62 CHZ,2012,Optare Solo SR,SV.png,SouthernVectis.png,In Service,
3808,HW62 CJE,2012,Optare Solo SR,SV.png,SouthernVectis.png,In Service,
3809,HW62 CJJ,2012,Optare Solo SR,SV.png,SouthernVectis.png,In Service,
3810,HW62 CKV,2012,Optare Solo SR,SV.png,SouthernVectis.png,In Service,
3811,HW62 CKY,2012,Optare Solo SR,SV.png,SouthernVectis.png,In Service,
3812,HW62 CMK,2012,Optare Solo SR,SV.png,SouthernVectis.png,In Service,
3813,HW62 CMV,2012,Optare Solo SR,SV.png,SouthernVectis.png,In Service,
3814,HW62 CMY,2012,Optare Solo SR,SV.png,SouthernVectis.png,In Service,
3815,HW62 CNJ,2012,Optare Solo SR,More.png,More2017.png,In Service,
3816,HW62 CNK,2012,Optare Solo SR,More.png,More2017.png,In Service,
3817,HW62 CNO,2012,Optare Solo SR,More.png,More2017.png,In Service,
3818,HW62 CNV,2012,Optare Solo SR,More.png,More2017.png,In Service,
3819,HW62 CPK,2012,Optare Solo SR,Damory.png,DamoryBlue.png,In Service,
3822,HF64 BNN,2015,Optare Solo SR,Salisbury.png,SROld.png,In Service,
3823,HF64 BNO,2015,Optare Solo SR,Salisbury.png,SRNew.png,In Service,
3824,HF64 BNU,2015,Optare Solo SR,Salisbury.png,SROld.png,In Service,
3825,HF64 BNV,2015,Optare Solo SR,Salisbury.png,SROld.png,In Service,
3826,HF64 BNX,2015,Optare Solo SR,Salisbury.png,SRNew.png,In Service,
3827,HF64 BNY,2015,Optare Solo SR,Salisbury.png,SRNew.png,In Service,
3828,HF64 BNZ,2015,Optare Solo SR,Salisbury.png,SRNew.png,In Service,
3829,HF64 BOH,2015,Optare Solo SR,Salisbury.png,SRNew.png,In Service,
3830,HF64 BOJ,2015,Optare Solo SR,Damory.png,DamoryBlue.png,In Service,
3831,HF64 BOU,2015,Optare Solo SR,Damory.png,DamoryBlue.png,In Service,
3832,HF64 BRZ,2015,Optare Solo SR,Salisbury.png,SRNew.png,In Service,
3833,HF15 BMV,2015,Optare Solo SR,Salisbury.png,SRNew.png,In Service,
3834,HF15 BMY,2015,Optare Solo SR,Salisbury.png,SRNew.png,In Service,
3835,HF15 BMZ,2015,Optare Solo SR,Salisbury.png,SRNew.png,In Service,
6901,LX06 EAY,2006,Volvo B7TL Wright Eclipse Gemini,Damory.png,BluestarGNEAdapted.png,In Service,
6902,LX06 EBA,2006,Volvo B7TL Wright Eclipse Gemini,Damory.png,BluestarGNEAdapted.png,In Service,
6906,LX06 EBG,2006,Volvo B7TL Wright Eclipse Gemini,Damory.png,BluestarGNEAdapted.png,In Service,
6911,LX06 EBN,2006,Volvo B7TL Wright Eclipse Gemini,Bluestar.png,BluestarGNEAdapted.png,Withdrawn,
6913,LX06 EBP,2006,Volvo B7TL Wright Eclipse Gemini,Damory.png,BluestarGNEAdapted.png,In Service,
6921,LX58 CWO,2008,Dennis Trident Optare Olympus,Bluestar.png,BluestarOld.png,In Service,
6923,LX58 CWU,2008,Dennis Trident Optare Olympus,Bluestar.png,BluestarOld.png,In Service,
6924,LX58 CWY,2008,Dennis Trident Optare Olympus,events.png,Red.png,Reserve,
6925,LX58 CXA,2008,Dennis Trident Optare Olympus,Bluestar.png,BluestarOld.png,In Service,
6927,LX58 CXD,2008,Dennis Trident Optare Olympus,events.png,Red.png,Reserve,
6929,LX58 CXL,2008,Dennis Trident Optare Olympus,Bluestar.png,BluestarOld.png,In Service,
6931,LX58 CXO,2008,Dennis Trident Optare Olympus,events.png,Red.png,Reserve,
6934,LX58 CXS,2008,Dennis Trident Optare Olympus,events.png,Red.png,Reserve,
6935,LX58 CXT,2008,Dennis Trident Optare Olympus,Bluestar.png,BluestarOld.png,In Service,
6936,LX58 CXU,2008,Dennis Trident Optare Olympus,Bluestar.png,BluestarOld.png,In Service,
6938,LX58 CXW,2008,Dennis Trident Optare Olympus,Bluestar.png,BluestarOld.png,In Service,
6939,LX58 CXY,2008,Dennis Trident Optare Olympus,Bluestar.png,BluestarOld.png,In Service,
6940,LX58 CXZ,2008,Dennis Trident Optare Olympus,Bluestar.png,BluestarOld.png,In Service,
6941,LX58 CYA,2008,Dennis Trident Optare Olympus,Bluestar.png,BluestarOld.png,In Service,
6943,LX58 CYE,2008,Dennis Trident Optare Olympus,events.png,Red.png,Reserve,
6944,LX58 CYF,2008,Dennis Trident Optare Olympus,events.png,Red.png,Reserve,
6945,LX58 CYG,2008,Dennis Trident Optare Olympus,Bluestar.png,BluestarOld.png,Reserve,
7053,BF63 ZSP,2013,Volvo B9R Caetano Levante,Damory.png,White.png,In Service,
7101,HSV 342,2008,Scania K340EB4 Irizar PB,SV.png,Bluevectis.png,In Service,
7103,UEL 489,2008,Scania K340EB4 Irizar PB,SV.png,Bluevectis.png,In Service,
7104,HF08 UHV,2008,Scania K340EB4 Irizar PB,SV.png,Bluevectis.png,In Service,
7157,YX14 SFZ,2014,Volvo B9R Plaxton Elite,Damory.png,Voyager.png,In Service,
7801,FJ60 EHB,2010,Volvo B9R Caetano Levante,Salisbury.png,Bluevectis.png,In Service,
7802,FJ60 EHC,2010,Volvo B9R Caetano Levante,Salisbury.png,Bluevectis.png,In Service,
7805,FJ60 EHF,2010,Volvo B9R Caetano Levante,Damory.png,Bluevectis.png,In Service,
7833,YN08 NKL,2008,Volvo B12M Plaxton Paragon,SV.png,Cream.png,In Service,
7837,A14 XEL,2015,Volvo B11R Jonckheere JHV,SV.png,Cream.png,In Service,
7840,A17 XEL,2015,Volvo B11R Jonckheere JHV,Damory.png,Cream.png,In Service,
7841,A18 XEL,2015,Volvo B11R Jonckheere JHV,Damory.png,DamoryBlue.png,In Service,
7842,A19 XEL,2015,Volvo B11R Jonckheere JHV,SV.png,Cream.png,In Service,
7843,A20 XEL,2015,Volvo B11R Jonckheere JHV,SV.png,Cream.png,In Service,
7844,A3 XEL,2010,Volvo B11R Jonckheere JHV,SV.png,Bluevectis.png,In Service,
7845,A4 XEL,2010,Volvo B11R Jonckheere JHV,SV.png,Cream.png,In Service,
7846,FJ55 BXZ,2006,Volvo B12B Caetano Enigma,SV.png,Cream.png,In Service,
7847,FJ55 BXV,2006,Volvo B12B Caetano Enigma,SV.png,Cream.png,In Service,
7849,FJ55 BXY,2006,Volvo B12B Caetano Enigma,SV.png,Cream.png,In Service,
7901,EO69 WGW,2019,Ford Transit,Swindon.png,White.png,In Service,
7902,EK69 CLZ,2019,Ford Transit,Swindon.png,White.png,In Service,
7903,EK69 YKD,2019,Ford Transit,Unilink.png,White.png,In Service,
7904,EK69 YKR,2019,Ford Transit,Damory.png,White.png,In Service,
7905,EK69 CKE,2019,Ford Transit,Swindon.png,White.png,In Service,
7921,RA66 WCO,2017,Mercedes-Benz Sprinter EVM Avantgarde,Salisbury.png,WiltshireConnect.png,In Service,
7923,YF23 XXA,2023,Mercedes-Benz Sprinter EVM Cityline,Salisbury.png,Silver.png,In Service,
7924,YF23 XXE,2023,Mercedes-Benz Sprinter EVM Cityline,Salisbury.png,Silver.png,In Service,
7925,YF23 FCV,2023,Mercedes-Benz Sprinter EVM Cityline,Salisbury.png,Silver.png,In Service,
7926,YF23 JZL,2023,Mercedes-Benz Sprinter EVM Cityline,Salisbury.png,Silver.png,In Service,
7927,SF71 CNU,2022,Fiat Ducato Mellor Orion,Salisbury.png,WiltshireConnect.png,In Service,
7928,RX74 OXZ,2025,Mercedes-Benz Sprinter EVM Cityline,Salisbury.png,WiltshireConnect.png,In Service,
7929,RX25 SVS,2025,Mercedes-Benz Sprinter EVM Cityline,Salisbury.png,WiltshireConnect.png,In Service,
7930,RX25 SVU,2025,Mercedes-Benz Sprinter EVM Cityline,Salisbury.png,WiltshireConnect.png,In Service,
7985,HV66 RBF,2016,Ford Transit,Damory.png,White.png,In Service,
7989,HN16 XOL,2016,Ford Transit,Damory.png,White.png,In Service,
7990,HN16 YPU,2016,Ford Transit,Damory.png,White.png,In Service,
8101,701 GOO,2008,Scania N270UD Optare Olympus,Damory.png,Bluevectis.png,In Service,
8102,HF08 TKY,2008,Scania N270UD Optare Olympus,Salisbury.png,SRNew.png,In Service,